4745361c
4a047471
78a5e28d
767ad0fb
63c252c2
550d36c9
57f26512
6b7ec6c5
4ef7b6fe
7260b2c5
645ca727
42be2cbb
7b3953c5
4044fa2a
5910c920
4e782780
7eb3a59d
522ad12c
6ed6c6bc
5258dbb3
44dcc2f3
60ce6909
435f3cb4
6642107a
45fb114c
6c8c0890
41b7f6ff
5ea66a47
47e6074c
4e98615e
783bdc1c
6c7294f6
469cb069
4a131e26
4fb0e9d3
70d17508
6da1f6ed
556bf2f7
4baf2e44
550c9765
6a0d5852
6d78e286
51a96c75
50243bb4
5b135c17
760f9472
49c5f107
5fa4dc17
47a13402
7dc67d8a
600ba57d
4b812125
7ef51031
60df9e9e
66314de8
5033d711
4fe0c11c
60d33f50
52b1c546
4ec191d3
643d6f03
5a87ca6a
6ece112c
52f76e7e
4574c4dd
4c7feb02
4579af99
6e17dfd1
4fa85a3f
788f4807
4d3b14df
44e5bc85
79ea589b
516b4aa2
539595e0
458017ec
79c2f411
7f926851
6137f15e
4b7f098f
00000000
00000000
00000000
00000000
00000000
00000000
00000000
00000000
00000000
00000000
00000000
00000000
00000000
00000000
00000000
00000000
76f33201
4fb49e7d
6b82949c
673c05cd
6ff91050
58cde6f9
763dc5f5
646518db
7509c419
4516a313
55696af5
424934bc
475a2b15
585c2e8e
476aeded
5dca3469
7573c693
6076ff3b
5e4d7bf8
686dc282
718302ba
449c4234
50f2f256
707d9856
73bafbfb
7ce5e3a1
5a08f861
7185f9fc
5f6f6054
76e66f1b
6c0dfa44
73a22986
77a80d39
461d0a72
5fcf70f5
5c1686ca
7014b95c
5b218c5b
6633c56f
60ad266f
76b7b8d2
51309767
450ba2fc
6020a4ad
4f946a85
4d08573d
58f3a1eb
46b7aeb1
55db3f1c
6e51f585
4269f4e8
53b57362
558e1ffc
7d7e7808
56edb659
768a4eb6
7304b48a
4243ed3c
738e7c0e
796e3c2e
5fe1f560
50af5899
4dfab7c9
4a8d92b4
6c1dcb39
5021c7ac
769f84c0
62f9ebb9
5b9fbf91
4e461a93
6af54d06
56f302c7
418158ea
590aaecb
70161cf4
78b83eb2
4a1b5617
43cd4a34
7e2746c5
59574d1e
547bdd20
5e1c8b03
7eda3bbf
5b89aa70
67b51542
5e05ec73
506de7a9
75a705ee
515ef4f1
5b1342bd
585e3614
45f73f7a
749989c6
65754fe0
4d06b42c
6b564fda
5796d8df
74c7b30b
4a07b979
6c069ed6
58bdbd9c
49f145a6
6aea784f
579d7dac
68f36190
6de36b3b
4d05ce0f
5ae20fbe
5e54d40d
41f199b2
459df1d9
607c1cb2
595ba02a
4faa63d1
5591596c
6e36062e
6f06d211
69226eed
6b7d7a66
5dbb54da
58d250c5
45070265
704a97f9
5c132552
7b0ad152
6161bad2
5f75fd3f
4a6b7e59
4094d109
4e199b29
719e608e
5b688f3b
5e114945
6c13fc04
53090952
41dc439a
4b03865e
5252921e
68840af6
51d3f69b
7e11c374
485179df
418b70d9
56445b6c
4483d47e
55aff647
541aa207
52f601ff
59d6887d
74ffbb53
6d124f6a
698899ad
4efc4694
60d54854
5d5f8929
4bcca98c
5c1a09be
48988a2a
60db14ba
52a67e2f
42fc941f
4e1c9a5f
41aebed0
61224973
4cdf9d28
5cece3f7
460732a6
6304604a
7656e35b
7d013bb4
5c82852a
5bce507f
5f56f88a
493bae77
62245bfe
57b0c63f
69d3a3d7
4b64ec6f
4614f723
4fa7649b
6a6381bf
5023b19f
42e9e70f
4b352c2e
522be4b3
7b511a9b
40669e86
7731d536
7dd217e7
7820f1d5
69cac04f
7ba07745
725a801b
426004bf
41d3da5c
774347c0
7b2daea4
7e23f2f0
76f5fc20
4cf31c7d
4163366c
4c5a5a41
46066bd6
6b8c66b0
5987fc57
4d62140d
5decdf03
4620cc0c
4ccb9401
5a2738c3
42ecf6e1
79e95d2a
403edda8
7fe55fe3
5782a232
5be68744
00000000
00000000
00000000
00000000
00000000
00000000
00000000
00000000
7acb6446
687ed1a3
6c4ed6d1
42fe6c37
51d36299
7da7bd21
45838681
65b12f51
462f41ee
424c6f59
5e5af33d
7ac70376
7c5c1fdf
62600152
47ec74cc
5569bfcc
6b062803
73256079
589e2194
5696b0de
573e5950
588f3e4b
5ce3d7c8
444b07bb
40ad251c
6ea38dc6
61bfa8cb
7e8e3dee
78487e48
46b7c440
60cb6749
532aea51
40b50896
6554ad92
42054f4d
7f15b120
7e0f82a3
5a5377c8
7689bfc2
6a39d419
6222338c
77198c27
54a7131f
6001d8f6
5b87dc71
43335f63
46bcc208
4ccf1b23
6fda729f
72025250
55869e2a
759ae7b3
50377375
43162dab
4fef355f
62993b0a
419c05ec
4af7c51c
6f50dbfe
61b06052
40c8e9fa
7eedab88
725fadfe
486cf4d5
68f0673f
4c267fc8
5130b3b8
673a9aff
6bbec98f
5121641c
6b27db4c
4030c79f
5986af1d
5762fda5
4581aea3
61053df8
6bbedbb8
7750980f
49925573
5dd39427
4f46f864
77235287
4b830635
41839bd3
57009a75
6dd6cb98
4c8fb415
6698bb59
7f5071f6
7964c754
6004be55
45998148
5b2b6321
4ceab002
65c78d54
4c652e4e
5c4282f0
7515bb9d
4e5eeaf5
45a665c8
4414d5c3
75559387
746f80fd
43149dcc
742dabe9
41954bd6
57b8de9a
480d2cbf
5ebac9eb
66ab52eb
5ae327a3
4801fe10
5000b17e
6d5225c6
77b20804
5a7a6293
5c975c8e
6cd173cc
781a373f
72348377
6975aa09
6abf4f50
5ded59e9
4854fbeb
7ad82e81
7d38d284
6eff010b
7abcb394
76e4d116
6c4bf6a2
48698e62
5a5b508e
6085f0bc
7e09ac37
49ca3f82
7d6801c1
72504d86
62a49e96
53564b54
5843d761
480ced81
5e3eca7c
530a673b
4e6033cf
00000000
00000000
00000000
00000000
00000000
00000000
00000000
00000000
00000000
00000000
00000000
00000000
00000000
00000000
00000000
00000000
704caddf
675cb4c7
7d97a32b
7c66c441
461f38d0
42f95c23
466974d0
7d0f8e60
5175b2b0
5fe2731b
5cd5b071
6232b774
6ea76c0b
61fbb526
50cf8b38
55094503
78569a6d
5812248a
65f6c522
54bc665d
41c6ec09
7728162c
70ed8597
587637d3
675f232d
4a7f22f0
40d6ddea
5a4bef33
68caee7f
6c8393ca
4bc20ecb
6c719022
50f66278
6d9110db
5d706196
5518cf3e
425dfd1a
74ac930f
5f9d3edd
588bfd86
419602a8
74c63abd
55c5c47d
7881ad10
771d27b5
6d801435
49b0d4ed
7add498b
400c6b7e
742b981b
76b9b792
5a19cc03
6274f7c2
44b9061c
4088da5b
456d5ea4
4ba7c522
5583f84d
52daa24a
429b538e
46d81ad3
77a18ff0
4bda743e
73bc6c8e
5601cc3b
74f24e00
523156b3
467dbc7c
75e1c243
41fea94a
61e7a4a2
46a23c8f
636c67b6
4036ee25
552e866d
4ba89215
73f9ab7e
40fc7fb6
7093cc22
7a19f838
5e4b93fc
60ab5b03
7599d70c
4440a227
5845bd0c
455d1487
6bc0f8c5
44649d46
5be35e4f
7193bcbc
67e8cf8c
67be6671
5dce02d3
4e6c23d2
79cde0b6
49c2b85c
7421aad9
49104455
418e5227
4ec2c1dc
4405fdbd
62cdc045
6e628dbb
69bfebfd
6fa5b0bf
49675965
58bf085f
711ca402
6153923d
5503bf44
5a6a9b27
603cd331
69445dd0
60fcfea6
7276be1d
7c036905
7f3ec491
59d2a6c8
46e318ad
5a76360d
541b5b8e
7458ca2e
51a17fb2
45e886ec
4206d244
5b6afc63
49878bcb
568724d4
554095b2
45544867
5a65c67c
7f5c2ede
43df807b
78dd429b
6705bde8
5eb96a25
4aa3faaf
6ed5a2ce
58ebf5ef
4fd8a162
641ee508
68e41671
78576c9a
466dce1a
00000000
00000000
00000000
00000000
00000000
00000000
00000000
00000000
00000000
00000000
00000000
00000000
00000000
00000000
00000000
00000000
54c39f14
51abbc4b
463035eb
5d94adb7
696587a9
48b7c595
5cdfe7cc
45c79bba
5b262f31
779beedc
58e14376
42fd7c23
4d87854a
53011921
61e48364
575d4437
44b27770
51f14837
730e1916
41363e58
60dbdb2b
64255171
43d8fff5
65b1bc42
00000000
00000000
00000000
00000000
00000000
00000000
00000000
00000000
57aee4f1
57aee4f1
57aee4f1
57aee4f1
57aee4f1
57aee4f1
57aee4f1
57aee4f1
57aee4f1
57aee4f1
57aee4f1
57aee4f1
57aee4f1
57aee4f1
57aee4f1
57aee4f1
57aee4f1
57aee4f1
57aee4f1
57aee4f1
57aee4f1
57aee4f1
57aee4f1
57aee4f1
57aee4f1
57aee4f1
57aee4f1
57aee4f1
57aee4f1
57aee4f1
57aee4f1
57aee4f1
73383828
73820f6a
72b7b75f
4d84bc00
53bb8366
489e87d6
79793149
4145a04d
465a00f5
54b7776d
567d0d08
5f2fc8f5
712bf96b
620a0a37
7f0dcaaa
74dd9f79
4e3ab1be
6b2f6328
4c9d8203
6f2603c0
6c2139cc
6f0d26f0
668ae18c
4b3f4d8d
73e6733e
7e510c97
48beef5c
48cee0bc
771b296e
5995304d
7c608dd4
59610727
73dc4db7
5cbdb1e7
6839a01a
68d26c6c
5c2ed764
58c14fa2
4cccdbcf
67add867
49a3dc1c
41db607d
607734e5
6b94422e
6f2b92df
432b7bba
66429570
5c2d2e9b
40821747
6b426267
7e41bbe5
5c3559fe
5204fcd3
513d859f
6c437155
6e613ee6
558babc7
7ed37a26
6c3e66b4
44e7c97f
5ab058bf
56375227
590bfc28
41fe3b51
4e5aef23
75d6fb4e
4dd1d23c
4928e3c3
41882d0e
5334adec
6cada14c
6404cd4e
7febfb48
729a7bf0
4743ada9
4fd8a9f3
49579b6e
490098e8
6d75d55c
6fcf6f7c
41d14110
5e661bc3
6f264d8d
637389aa
71b48a46
717f1b20
5665962e
44dfe263
4398102c
5ecf5715
6c69ecc2
5482188d
4307a672
5d950e90
76d4674f
4088fd3f
462c7c67
50730a22
640165a7
5be24f87
5e35c530
4bd01cf9
449c6c51
72ccf143
40955389
5e575a99
6c41516c
684a0978
62122144
6a75551b
71b6691a
4567c65e
479bacf6
5d7ddf2f
71d27a6f
47c9cd40
5d2cba85
4f0023c3
59dd2099
741bb5a6
4cfc2301
5db8b0b5
6285938c
6fdcbf11
41529da8
4e777386
50316666
5a76edc4
559fbfa0
52455d77
44fc705d
7d6e0228
58bdf96a
42a5f2a4
43bfb3f7
403061eb
4b62a4bb
6de54282
4e373fa1
68429a5c
68647204
51dcd931
6f81e9ad
75852e1f
00000000
00000000
00000000
00000000
00000000
00000000
00000000
00000000
00000000
00000000
00000000
00000000
00000000
00000000
00000000
00000000
73f3d074
5d36fb28
581140c0
43e63228
567b52c0
51e2613c
692d2d7b
4fe9f6f7
573e190f
71073c7d
41f8f701
727dadf1
422211f0
4c0b637c
73a86001
779f05e5
75acbf8a
68d56b88
53b41e02
74750c62
5c5cfdf0
5b3ce38f
75a92948
5db2d00f
483c605d
570cde59
4173ad9a
7aa62d09
49664b78
52acdf69
784c2333
6d97b261
62397069
40956f5c
42c7cd29
445ca272
5bc84d41
6e9d15bc
55b6216d
52e7706b
54b81cef
7902e7c1
47be7f7d
528d12b7
6e4c8f9d
6ba3e2f3
53571812
7e4570d4
703c5e76
58d0b20b
5bcac5f7
6c9dd183
4964a42f
587ecf8b
5cb3d244
61427634
47d82105
425ac6e6
63850c4f
4075025f
7c2d2f65
49d25dab
78d96a8d
49da1929
4ab1959c
75ec8bad
5bbe81c2
6ef23b20
73cd68a2
4a4f7ed5
5013be46
6f0dbf25
71b92f08
69737c2d
47d0135d
7785fd68
48d444a2
5a253b86
45ac238b
6aafd035
7cab6947
654e6204
4762034a
5807977e
5619ce93
619417dc
68199c95
6af03a38
69fb24eb
63a6b7de
5536bbe7
630afa7b
42ead986
5bd1aed3
61a992f2
4c34c81f
47a326f8
44a34e2d
7eebff7e
42c5abd8
76694a2b
7da43372
6c6fc5f5
6eada842
500c765e
7e96bab0
689cf02a
6024520c
7e7f645d
424f90ef
795eaf1e
6fdcd6f3
6a5e8bfd
7b19b038
50ed5f44
4a7f6add
4b0fc058
6d6602df
456d3621
543c3f92
59d2fa61
433d38e0
59c04cfc
6a9ae3b2
65b7912d
71667917
54fc89f2
65f66fb1
566607ff
6f27b947
5619f8dd
50ea43d8
4a8d1a59
79dafe75
4067e176
4ac13bb8
49590e5d
6318d779
7182ae51
4d22fdd4
7ca28b67
54001560
6ff50ed0
7bfecc0b
00000000
00000000
00000000
00000000
00000000
00000000
00000000
00000000
00000000
00000000
00000000
00000000
00000000
00000000
00000000
00000000
4abb0a4a
6b13c93f
65dec2a6
587daa0f
56370e7d
5baacf93
73b7e729
41657dae
6c298c76
4858059f
5935e001
68a8685d
68aca14e
7db6a496
70c7ac16
7b20372a
50f42e89
7fc077fc
73aea54a
40a216b1
5ca7a84d
5264e3b3
7f737316
7a5b76b3
6de620a9
70039f40
55c1479b
7ea6328f
6bc949e1
5926906b
40c537ae
5cece323
5ba2f06e
5c466f72
4c000d77
6d752ca3
5f95d54c
7617d7f7
4386cc1b
68b5bd11
738f6c5c
78a82a7e
4f14a20c
7c0cec6e
6f1eb3ab
6faa734a
5d0053b2
663890eb
54db3807
7b908d51
65b7fa2c
54f6eae1
5a15e4c6
7e75584f
65ac0bdf
4399c8e0
538ebb3f
553d517a
437264ce
6deab89a
6eb4e3fc
7381afee
59d4618d
40ff63e5
745ed0ff
5980f951
6c952c52
47f152c7
59d1accd
45981e3e
71a8d745
6bae7051
7592a203
51554807
4572b3af
459a3c0d
4975f163
47c14505
5c4a86c3
4926b29f
6d6279ca
4fe33153
42430811
7bcb4ce1
5d5c6e79
62a301ff
6c8a8a02
50ea0c7c
4bed447d
5f263488
7506d202
663ef018
5e4abaa3
66144a11
6b94a30e
4dca0916
6efc9704
4a600345
49c2e21a
5e84f24f
4087cbd5
70c4935f
5b5667be
53562175
70ca006a
6d25271e
7aeb153c
551f55e2
4725e679
7e74a1ef
6a60e668
7f02f671
685a5124
5a68132a
5b71658c
72726f3f
4243b83e
429ad981
5a59650b
5d63a61a
6bfd4c60
40a1852c
772ca91b
4fd46751
6eea2774
53be05cb
7ff46605
53fe8214
45b63e94
430d82af
6be2ebb5
6bd68501
658f0a5f
69937a64
635fd48b
554d9a61
4bca0e4f
54633465
507fcdb2
472fafe3
49b268f3
4cc4f333
7264e7ef
708ce5f5
5f9a8ff3
4db3ff7a
5da40b5f
4026f430
472b9507
4e51ef5d
755cea91
5470cac2
4b937df7
768f4a68
6a3d502c
55ae5859
74aa4903
4fc0ecd6
5b5ccd1d
4edea355
5e742c22
54b111ed
4c50c4ee
4e1fedda
4aa0237c
62ac1a59
6940d399
5f8c0857
7c826d55
7d38aeaf
4288b4c0
69347f0b
5ff7e106
72f54b32
6ba78698
568bee47
7d911948
7881022f
5dd3608b
5133a8a6
491e8e2b
456eef25
6768865f
53c4616d
418dc939
5b7dba8c
4c6b1da1
429e327b
5c07ba35
6def567c
71d356c8
4b207e07
476f2e88
747cb759
53701854
608ab5c1
4dd13c4a
4a5a2801
4d20a033
4f65c82d
409ca402
663bed6f
66d76537
68cd5829
4821f1ba
5c8b2ca8
48715f6a
69246d79
5c89de74
63638d22
47a2772a
4830c73e
767b554f
7620f3dc
6961d169
668909f8
489059fa
4614d41e
63fa8a71
478bddb2
5c3a6fe1
6470332e
465b3568
7fc1a2a0
5a3391af
51f91e46
526253ff
4732887a
75fb8c42
73dfdd53
7544196d
5e536241
42fd1f88
5077006c
64d4042b
6f401449
56adc096
4fe58634
4e79561f
7fd94838
533930ac
5aa21036
626d9e84
53e3e757
66962c93
5b74daf3
65d3b50e
45e0033d
7530cf03
6b0c5c0d
488efb4d
4a231226
7c5c2798
5fa379c4
55b0c099
6454dc81
5ad4c4fd
718cea2e
46dfc764
4c7b6d57
4fbfffa0
58fd76c3
44ea22c6
6698c47b
6cc6f3f0
540da12f
7a693890
63a467df
6b2e5578
5e2dbb64
72ef9a05
6797c55e
7f30283a
5ed294da
6b8be491
40b5d130
6a874d49
5d7ff619
6d9f309d
504f012e
6231c62f
5da5b914
6a91bc02
4bbdd80c
457b2d90
52e88c16
7193a10b
4b489be3
63eafb78
57421f41
6bd861dd
5d650120
4077455c
49b91f68
51cec72d
75d54375
7a800e93
43a91a14
5e983ab9
6050e36a
67909293
4de3e05b
522b2d77
55a21432
64755f88
47163e71
67108ea7
6e0cdfe6
4be7f6e9
6c3d19dc
4afb4fde
44719a8b
58378a8f
5e02ddf3
4b365c99
404ab02d
55134beb
55a6ba05
5d799846
52a2a349
7392e843
6901ef57
5ab7fadc
7c574774
75ed1dd2
5eed233d
59a9f69d
588b493b
4a67a4d8
56cbc10f
420804f0
4bf4cda1
4b76b7dc
679bf797
7ed786cf
6e9efea9
7acb1c40
5c9f3000
6242eabb
7e2488da
5e59e82b
56033843
42cecacc
59f81050
6f53fcff
7a3dd018
62325906
7b6e30b2
68815469
5fe167d2
47add5ea
69ff2601
46ba6b83
490d1198
7e413b07
53a2286f
77099d86
5b5f793f
70ed4d06
43669338
5e4a0aa2
514b1b04
6fdcc5b3
463fca6e
5026744e
721671fc
65ba399a
76efc0b3
6ad26e3b
44e1447b
64e67cbc
5cf49f61
671b91c6
4dcf60a4
4df30d5f
7459365c
597ced93
7b00d2a4
7932c17a
54e7603a
60f8b8c1
6c563606
4a2e55d7
60f4870d
60e851c0
47caf80b
52f7aa00
5b9f503f
72f799f9
4148687f
48a422b0
5782f033
64824eba
48c7c2ec
6f7bb56c
4b99b9cd
7024740a
660c97c0
78a7ff2a
4c875619
7914bc51
73dee46d
72fd7d6e
520e3f68
65e269ca
5724b6d5
48261d0f
699b16b8
5040d2ca
4be295a2
52f05028
5b1788c6
4fd95e70
5342ac39
4acdadbd
49d2559b
64a412ef
5828af63
63951706
53fa8d5f
4415db72
65a54139
6432b687
7557a388
5a766832
4006142b
4d0ec51c
4d0d08b2
4f7eb15d
6e30e147
6350b446
65ef2e07
57a417e2
71d27b35
695ee599
647d1c1f
409651ed
62bf9003
6b991916
5ab1ea2e
6432df8f
577a029b
4ddfe4f5
44bda555
448cff39
540944b9
61c4bb3c
45c63caa
6ccf37e3
6ccf37e3
6ccf37e3
6ccf37e3
6ccf37e3
6ccf37e3
6ccf37e3
6ccf37e3
6ccf37e3
6ccf37e3
6ccf37e3
6ccf37e3
6ccf37e3
6ccf37e3
6ccf37e3
6ccf37e3
6ccf37e3
6ccf37e3
6ccf37e3
6ccf37e3
6ccf37e3
6ccf37e3
6ccf37e3
6ccf37e3
6ccf37e3
6ccf37e3
6ccf37e3
6ccf37e3
6ccf37e3
6ccf37e3
6ccf37e3
6ccf37e3
5108da03
535d8879
7e7fb506
5c4e2a67
63d494aa
494bb8ca
75f31b3f
711b6d0d
581511b7
71860c1d
52b74164
7921ecab
4905203a
4bad45e9
5041cc76
4b1b538e
5638fa95
5ea46fd9
6316b272
503417ae
7936d051
73b0843b
5aa6abc3
686064c5
4a789193
503881c7
5e1466d4
5081139e
5a339712
528700ee
4db1b28d
4a8eeabd
428ae31d
56a1b48f
531cb825
72f7f1a3
5b1e8678
46bfdd6a
40512bfc
7ad3a04c
587d4436
6e603da6
5aa1366a
79d66344
6b8d65d3
66b9a457
69af3e09
64dbf858
495717d8
5983bd95
4317722f
58e6915c
770d9cd6
7f60ccf2
5450fb4f
5c4f8339
49afc4a8
588c1296
7e1d0d22
626e2043
5895983e
6c35633d
658a9fcc
45aeb5ea
4a8d0b7f
5e6b0af5
499b6dce
54aa4ab5
55b1a1a2
4c6064bf
625f9f75
583d3ed8
7f760733
796e0d2c
6883aea9
5a7f25ff
66e8bbcc
579ed34f
4360a4be
769723fb
6fc776a2
43fb00c5
7b9d4c5e
59659738
5e0c2b1e
54a9762e
50b35553
64728930
6a445223
57ce2b96
4e4335dd
49d2661f
6dd37d2a
4a6a323e
7d4eb6ad
7aecfd75
63e564d1
7cee7b5b
447e80ef
5868dbd3
54d81f20
64868fd0
5154a692
49dd8b44
65a579e8
4301bcab
482b493e
51b5134e
60565bcc
69c8550f
62968c16
5773637d
52c9f592
49a77eda
4f343ec9
455fa37a
5c415ede
678d16e2
6914986c
7254510a
6fec0f40
78cbbf05
51d85a01
52dda50f
423675a1
786e2bc8
5a8dd617
552c6e10
4f6d9ff4
5b54f285
4df9136b
72b3437a
79844235
645dd803
6b93c35b
629ea5cb
56ae5d07
4fc8bd98
66c0dff5
68582226
4d8ebd24
55db3675
5fc6b37a
7b927ee4
7ac2aaf4
4730efcb
53ccd84d
7b9aa092
4d32e1d4
6f54737a
4280eb3a
5802cb85
4b655487
4a8eca54
5a3a0e1b
61eb6824
56d13db7
7a06de2b
40b2f3ee
79d45cb4
675e5a48
56857d61
7f5fa2e1
501329e4
75f2922b
7b92ccfe
4bacca1d
571be7a6
41ce33fe
40b20f33
7e45423b
4f27ca63
70cbf0e2
6188b6af
55e21d12
51cb6cff
49a4a77c
5e9cd95f
67e5e284
67f838a7
7bb01434
52637638
416b4818
4b56aad0
5968d278
4c029f90
4818433e
70f1b748
48fdd17b
47fc9f3c
4fbd6571
4065ed5e
71e6cf32
6bac4427
43aa7f8c
452fa838
41e3bc77
728ada12
57830ae1
6391ec28
65018b3f
73a3bd24
78c0b29d
7a990dc1
560280d6
5fca53fc
7ae944c1
4bb88df1
411be2ca
54fdaa04
45985805
4b07bc89
788afda3
48404fc3
52412917
58008e71
7fd940f3
7ffab569
6930bbb1
48de5ecd
4d8c9b4b
4927ac9f
4de58c5c
5d4eb4a9
7310bde1
51dbc3b1
42a1df38
441221e4
40d18484
4e14485e
535c447a
6d17b7c0
4498e6cb
44d9e4f9
4927ebc5
523fee73
652b1c74
722aed51
54c2aa1f
6ec1da9e
5060c3b6
4aa64a04
69ebe56d
68aa2ac6
4c744a1c
5540209f
52830033
685c653f
5255f83a
4a25fde2
42807630
6ac1efe8
50561ad2
42e0f333
5a07e4bd
736dbc81
679633e7
56533f62
4e4129b1
7a6d77f3
79026ab1
6030798b
4be216fc
6264d5a3
5185e281
7551c549
59f27b01
71d5fa04
6259717c
68a83226
447c2034
4cb8c182
5c794b4f
507e8729
73295342
4e264d4d
588e9587
4c254621
6787ec81
76c3e401
53bbbb1b
7eb677de
503bc2b6
708d9cf4
5b97b57c
6177433c
4fc36967
6462b69b
58563e17
46ee65f7
5d0ebaf5
6fad97c7
52a3158c
76bd049f
5112ec9d
5c56272b
52265d93
7f253391
510f26ea
4a1e6b68
54488e15
5c500651
6ab4b2b4
6bc8d7d9
44145509
6cf992dc
77cae243
65c74ad2
692129de
65406243
782e3230
6aa4d27d
7122cce9
55352e3e
5582b415
4dfb0d81
7cbe0de9
4d2ac7e1
6c77ddd0
6a342e7f
700df64e
4fea6990
65901359
480b762b
4a33fce1
6cc4fd4f
42e102fc
6604e61a
4e30249d
58f0b5b3
43931f5e
741359a9
47c27a00
5c68a837
78fd8734
43b4a5cb
4161843a
76ddb14d
5aec9211
619115fa
5cc89d23
65a23a93
4a0df350
4b44445f
7a8040d9
5f33c945
44482657
52654c8a
7edbd9c5
6506e4dd
70d2e07c
5f499588
4b9d5fe6
6a57dd73
5a9a96b3
5748a84e
75b71f41
73972229
462cd1e3
6908b49b
7064df81
7182d113
56116ca1
4082b141
596ff233
4d0b1257
7a37e545
63fe331d
5b3b4da6
54363ac4
5071e51a
49d1ab2c
6fb13390
68764852
58cb9267
546fc7f2
629763dd
4135d035
7ca0ea82
6c00d006
74c8be8a
4f0b8eb3
7e78e0f1
490dc648
5edbfe44
69708f64
66d9dbbd
4c51d045
5524c83e
49c4683e
6c8cb28f
5b214e99
4c815ae1
65cc0808
547a3fbc
65ccc7ef
600f80dc
73e95740
44c7d1a5
6a302eb2
4c02254a
72120413
7f34a640
45f44dc7
7197d3bd
794347da
45511319
64fb83d0
427a810c
5186f2aa
70ebc7ad
61fb613a
5365a40e
4a64e32d
7d21d34b
4347ceb1
65210649
65210649
65210649
65210649
65210649
65210649
65210649
65210649
65210649
65210649
65210649
65210649
65210649
65210649
65210649
65210649
65210649
65210649
65210649
65210649
65210649
65210649
65210649
65210649
65210649
65210649
65210649
65210649
65210649
65210649
65210649
65210649
7df0f408
4c1265da
440063d7
5aeb6d2b
4dccda92
78afae47
6143b81a
5066115a
6a64f598
4b47dd22
486e86d1
5f60e84c
77d73b72
5ddfa5fe
44874180
50da82c0
7edc2b6f
5b5e704e
62b60482
497c25a5
585a6ec8
438ab6a4
4d01670a
7b42d349
47bad9c6
4941e432
444b0aad
60b1dbe9
50be1edb
64c349cd
4c3d836a
53aa5b1d
419cb63f
5ff3aba5
5f4b68fb
4658d0f9
48322a8d
66271d3f
6271c481
4bd8c1e5
4333a644
51acb15a
44fd6ee4
79f31b12
5f8f9f38
5c01152e
62c98859
5b1a9b55
5fa9cb00
700b7ddf
6c6ed670
5332505b
73cd20d3
629d2c22
6ae8dbde
6a51b06e
6eb35995
78aeefd2
7a1fd2d9
42fdbf7a
77eecd08
46dcd3bb
5b623394
5357c17b
60c224ce
5b58ab73
7d3c40e8
416a2cff
5a285e63
7a94aa65
74af231d
5bdd3348
5d6f00d2
79de6e26
56ebc8c0
411180c6
5f274387
449f85bd
4e731453
725a5642
4ae9f25b
5b2b0ae3
6593e312
74b3e0ab
4e2f6259
46b96842
7d65b66b
4dfbdcc8
5af968ca
667e1e91
447ac46c
7ee51f6e
5883de98
4d51296f
607602b0
48fb9324
64a63ea5
7b8936a7
61086183
428cb07f
4558385e
51785480
5e28b1cc
413022e4
470aed29
6ed36102
43d91219
5cd3c391
4c4ea87a
44b251a2
45f03f28
6e593555
50eec303
789a036b
5983f632
4ed6a3d0
54a9e788
4928f2fe
7f3c8fd9
59b7ccbf
4a60daf4
52d233f8
50b38d63
7a1663f3
40090747
7db681bf
76aa15ca
574b284e
5ffd761c
63d460a0
52c93976
4002706e
5a8a2e37
5cd36115
693e93f6
609a6738
4fe4e5d4
52b9236f
5920b408
6a7c7bc9
53e1bfa0
5944feec
68474609
6a011791
72b7b644
473df018
41e51e74
62dff5bd
5151bc55
54e2aad8
773bd8c0
56e41367
5114cab6
5d59c4a6
67429e76
415cc311
41cbc372
7f3149b1
455159e5
40a41553
59fd873a
637fc28f
4d76aa06
49e4339b
749210a2
6ac65724
57a6fc57
55c566b6
426470ae
49924827
5277e1bc
57561a3a
48603fe9
63083ad8
617cd96c
5826d616
47bbb0a6
4fba5099
63701ba2
5142ac63
63355da7
406f063a
45af7582
4c2dc139
65fe7266
64c2f457
4be3094c
4706f5cb
7abcdd99
59afdf3d
5e074a5a
60349300
4b4e7558
658e5a2c
4f11d844
5d9f0567
43d9d9c7
7b1c059c
552f0593
4a9ce4fc
74a69c28
76fa7b95
62d56ed0
7f1a3c7f
7370af73
4f6a58b4
44cbf5d7
6c34c626
7acee147
69eaa031
6104b0db
46682ca3
674cfaa8
6747cb81
580b9820
541a8df1
6e150664
5d1e7bd6
41fc36b0
41ab1340
4cb0f28c
4b790d2f
5c9b2334
53b69f57
4980726c
42202a0e
4272c3cd
5036e5fd
49108193
41a16b82
69ebd385
50dd77d1
5bf15259
4796ce67
52f21ac7
41515f7d
710782f4
7f40c133
7ad94abe
45a396ff
7ad6b186
7ae19e53
45a52155
6568d983
4f285b49
4342d175
59c3aebb
623c3364
6eefc179
7118f5b0
47337a73
5967b0e2
6a1a8e41
4e8ce87e
79aa26f4
4b8c3839
70e6bfd7
5edf9b45
790d7f85
77d68ec4
46459dd9
4a483bed
6286af67
74b41119
703858d7
76c4714f
4441b519
4fcaca8c
5a99b2d7
6f366ef9
5997f300
7e7adbab
7d78fe47
40199c99
50111fb9
751cac80
78dc616a
4382706d
6c2d180c
4224d97b
4a97da9c
453fa12c
78903c88
454effab
47fe56fb
6d9a8946
45e97e2d
48e20a7a
6232cc01
56bd5a18
6ccb4b75
539dd7d0
4ac3c2ff
6eebd178
5fef83fb
6a5e4159
4fbbc9f5
6ae97aa4
7e426385
7e518d27
6d0f4aba
5fd5f57b
54e17635
7abb61db
4b0cf55a
4df9a28a
4e597914
5e1147e3
439242d4
57f43bbe
69123b58
6d6f5b62
413a8d02
46966f87
7d004c2e
6fa4ad19
43bc01a2
7b1e1a2d
4cb788e7
5c557918
77c42086
77f40aa5
651df908
77c9cf12
6e39b249
4a73f2bc
453f88e0
78964cec
521592b4
522e839a
65dae777
7392180c
4196d955
5f075bd6
64e92a9f
41d7274f
45503ae0
58cc0d7e
6e052783
7aef95f2
66d8be86
6a3071b4
751b101b
41616769
4c18034d
545fd395
4c55ade1
744e92e8
52701552
6570adb3
45f84748
50cab77d
41fed8c5
4459a92c
5770ea55
7b4647c0
62c58aaf
573b43e0
6eef7fce
7c5da02d
5e682cea
528dff31
5e26afe2
692d0074
542580a7
5f3d6814
51e5df6a
62ef347a
57c1e467
7712479a
49a7f837
7ef2ef81
67fec479
68b47bab
5daa37cf
66eb47b1
6a7006d3
5008d35d
7bca90ba
711cabe8
7861d33a
401bf5ca
7986f747
666759ff
541e0adb
41fe3d99
662d6436
59bf1f70
6118bd75
705aff8b
4d31daec
59a91282
565f7ff7
5f4afb79
4d3f7243
56ad3e9f
460b3155
73cc800f
615155ec
671803af
5daf75fb
52ce13ee
46e6ca7f
7c18b489
7d1ea603
41f2bad2
50d06869
6ebe3c29
5af8173c
599f5e94
6f721364
6d360884
5ec09da0
558e88cf
696aead3
4b4eea07
5ea2da65
5e053d82
653eab33
70f58cf4
602c20d0
5b7dfe6e
4f1e6685
5627a1bd
64e8fc71
6d974f9b
548fce1d
6b0d50dd
5aad36fb
6166ae1d
653d76f2
7d79423b
53f2692f
4c662c0d
65d37057
4a6bd372
62777cc5
6be92c14
61b6dfd5
4b6ed7d8
4cdda8e5
59c8401f
50bf27ea
6f6d3dc8
7343836c
4fd714bc
5d15688e
6d7f69bf
607e42e2
57bfba19
605ae6d0
44c29175
79281eca
639f09d9
73f1bd58
77633ea6
44eba2f1
560068db
619be551
50c15cae
53c95dde
77789977
73962a87
65705b67
627915f8
58a3cfb7
6b2cbffa
5fc33499
5cb1bf03
7c2a7405
4068e6d1
4ee52071
67d90b25
70d91fea
612a3183
50a2a706
77aa0901
50c4ad61
5570a55b
4dcd6fa5
6279442f
451294b0
71d2d606
428ebea9
66c2f564
5674f110
59576e63
5cbe8041
504acb7d
5a8fa3b4
4800b374
7529aca3
706be39c
5f07768d
54e86193
53780f6c
5e17951f
46029707
5f71de19
5d20b745
58691465
4460895c
60b194e4
638f59f0
442f8e10
7f30ab99
469607a8
426d541c
57f854a1
414ea849
61148f46
7d28e374
5c79a2e0
670b32df
65c2390d
75c00e08
4d877f11
4a59a5fb
550c55f4
49f1d911
43dfa031
532bec17
5e18ac85
7845139e
5168e9de
6966ab07
5da792c5
531f6444
4bc94e53
6633f3db
78a572aa
58231844
4b3d1064
5e8f9217
7dee0d26
7a1f9333
6d1c550d
5f32a987
40a0f926
7f1e4eda
59e9ae69
53487b5a
4b31a3d1
59a424c5
500fcb8c
5ce2e238
7f5e59b3
41fedd0c
6a121c50
65abfb5b
4f7c0b70
467f3c83
62739246
5edcde54
48c4af57
71f76634
77874d49
45895c7f
77a0b0f7
7bc4f783
4fa3ef77
637a350a
4d290116
6d8ba4d7
753a6e57
6beeedb4
77998a86
4519869c
7789d937
58767ae6
6d3b1f04
47715a0a
44d53e62
4fc2a3b9
6494d5e7
4c6c7204
4754a4f6
444db1b8
6169078d
5a544160
5b23578f
4fa32c73
4e46ba47
541122e9
52acb9fa
589729c8
621ac4ce
4fb4bd13
600cf81e
7959377f
5f3969bb
74aa8239
5a505a20
7d6ee423
69e89a17
74157a0d
64ddcfc1
5d758bfb
4e385430
7e01e087
7071eaf4
44a1e66d
58841211
4fed22bc
5833e7f9
64dfefd8
610fb5bd
58f5a769
4306d0a2
456a350d
78da3a9a
4e3f0a97
68cfe2b2
500871a3
5a3750c7
616c8d78
780acefd
6d10160d
4d9665a7
6df9fb58
72e97187
53b2433f
71ffc441
76645c60
42f994d9
59c06434
648588bb
6301df24
4268c7f4
70ad32ac
6d0b5887
530d19b9
4715727e
45799415
427c1ad6
7d6f8a18
6d9e83d5
7256024b
47ad7b2f
4bcbca80
658a05cf
6cc0f1da
572fff00
4210cea8
7729edb5
69034902
74c91eac
51cd3d78
651e03ea
4d4f9773
72988090
42d103db
5a150033
44374d29
7793c935
41588e79
4a02460b
43420ee7
670e56c1
479d1b2a
79bf1c57
5d18d7f6
43b97391
5b835c46
5c895215
5f80adee
6f5893e8
441116bb
6067556d
688c8aa7
736fb67a
47629510
56322892
5a1dbaae
6b569def
43853053
7f79af40
75eafc62
60ed7e5e
6be6868d
4be1ff71
4723f872
4882798d
788109b2
67101583
6e814c7c
6b07b80e
4c1d24d9
63c9a6f8
669de0dd
4bb07bf3
4f57c9af
5bf76d17
484acd74
5798ad0b
7bc8aaf2
55fd9a67
7d589656
76796ade
5f8f51a4
40abf5af
492f622a
58d27667
520b75f4
4115d723
5a669451
4d199467
45679f52
545fd606
5f14fa76
75d1eed6
48222501
43bc83d7
597ffc93
595af881
504d92f1
756912ed
5ec660e9
79b65da8
6680af25
4f08d1f2
6b63df53
52aa60d1
5823af2b
6c34603c
5e9a2c3e
442b55ef
684275e8
601ecb9e
44f539a7
5797371d
754dcf94
6efd3d4f
5b4ad2e7
55ca132e
6fb6461d
615de2c1
6d9deb2e
40567dd0
51f5003d
6eff9c6c
4cf380fc
7a3a544c
4e5f4da2
5f7e4cb7
6f355fbf
444f381b
4f593d2a
5b33ac06
674ddb28
50c6bd03
6867be40
5daf4fc4
5de6f7a9
43342ddb
797cac14
409b8f5d
4e862145
561aa382
668c12f7
527d11f3
47389c7f
7f854f4b
7d9b65d4
41d06cfb
5580591d
6b61f7f4
639e76cb
53ec0a88
4633c897
636af693
41b09fed
4dbae614
50a13ca6
66904257
47f1c36a
502a7d97
5309d655
5628af45
6f015c94
69a925cb
6ba66e66
68374967
652fa399
4e7eee39
49621fb8
6c0515b1
68be51b8
4b7c3d9c
42e4c888
7da33f89
443ed3e2
63dc6e28
678b3443
5efc5cf4
589b7311
62955fe8
40d58c37
75912639
68da40a1
71ebb1db
7d015d9b
553971b3
459e4586
4aa29ec8
554dd6bb
7730e1bb
555d0625
5004cc35
41cb0d59
5b768d06
65c3d2b2
45161180
7eb2a697
460c2fd6
48554c4b
58a9e61d
530d08eb
4caa219a
7d0e54c5
6294321a
602ca4f6
72052ebe
4af1cff0
6f63944b
40e58927
52dc9845
45d9f96e
6319a660
66473b30
79dc5677
5ba6c9db
7709c161
6f1fbb7d
4dbc6f68
6646a8c0
626f3643
69a4fb10
67a70e62
55118c65
67499813
5bc0acec
5b20acbb
5aaba5a0
77eac9c6
4e3841d1
7214589c
4d3a3db0
57402f7d
650f50ff
64d76610
7d4c5212
7eec6d1c
4597d237
7ecda101
5bcbdb0c
5ad2f37c
4fc2ae53
699b4aed
4dc2e18a
64d7198b
5c14c841
52ba48a8
65d9aa73
6f0641f2
591c52db
651f73e2
46867ecb
4a7e2751
6a1bc996
6fb6cfc9
569da08c
6c3546d6
67e5869a
45943b0a
4529917b
67ff8080
64ff6d0e
5f68318f
7111c400
60959862
66ebd4a1
4b8059cf
579b524a
4aeaf843
4ee1b159
68224b25
62fc8fee
5879db5d
7c6df4cf
544da475
678cd93e
4617849e
7e5cf464
43d44688
5829f12c
6b1f2cee
5886d676
5cc0e428
45257e93
4ef3feb4
426c1ec1
4372da04
6861729e
66b76af7
66781a25
6c94bb7d
536f7265
68b57c0e
54ccd054
7294ed7d
60c09e6f
48e9db27
66152124
58786c30
418c3011
44fa2271
5a716b82
7cd91ff7
42446b12
53693a45
6217eed2
4c5c95db
50b19c50
6d220b49
5d0d92d0
5d03a27f
5f473c88
6a1d0ecd
67f98a68
5c94d739
5ac4e83f
43661ac6
52550567
514ba0dc
507517f3
52b640dc
7d0150eb
5ab0bf6a
449c1f6f
45a74676
60ada538
5fc67f3c
65772260
4fd1a199
6816b7d1
480120f8
5578ca4a
441f6adb
4c08877c
43d58e85
7d427ec2
6d949f6a
71568779
5065b638
665c0c4e
4163587f
5250a06d
642c6390
4ad9a74d
78d8a83d
5c14ea32
535e7eed
79d09857
40767faf
582071ca
78ce7d4c
49e67dfd
6f69b16f
7985c39e
72b68b9a
47c1d968
77fdf635
5e66442f
593fb05e
42a5ef58
52765525
4f833429
58553941
70532fdb
55b7c555
5b82a3c9
4636a4a5
641334b0
5e90470d
50d5de28
5e978120
764fdce3
58390a17
4977f785
72c91835
7967e3dd
626d5e2d
547f15da
591b7d56
669c6d44
67a7f218
53d5d499
75fe08b7
40a06c07
52d445a4
45d041d3
47d0e1f8
47fc1876
522027b9
71ab1596
6666c179
729d051a
6063ac30
4567561f
48a5f762
7408bb6a
7af35ef9
7d86a9cf
4f4eda8a
76e765d1
7aed923a
59e3ce93
46992df4
754a6812
7292e8f9
47834119
51155d43
65cff7d9
4b6d2734
51d22bd5
52b446d6
4b6db3e7
639a519a
419db3a1
4ba0287b
60051db7
51186457
7d17ae66
45a698bf
4473c974
499e5151
6344e1a1
70ebd545
40afc56e
442480a3
7c337948
6fc0c781
74a644ee
47189071
5fe92e1c
4738f9b2
78edab85
6fabc39a
7c7b2283
671cf7a7
50d727b1
49632a3b
442d2b1f
44f0abb2
5d92d4de
43ee240b
4009d326
7acef151
47ff2164
5a74de95
514dbead
539d50a0
584a9383
72387eaf
6c897b78
5ef37482
58d48673
672bbfba
4ab0f15d
5cc2a4ca
72994936
7bea2640
419f717c
420cc7b9
79307280
7760a751
7c434664
711bc810
55548fda
56303015
5f743ac1
625137a7
40b4a7ae
716fede2
5e5374ee
42807856
59e492d0
435a4aaa
40ab935c
59b33dce
5f86cf62
538aa0d8
60f42817
79a627a1
62e3b00c
6c97a319
588a9fee
69cb281e
4acc30c9
5b734e65
48436a10
6bcee7b8
7747de44
632733dd
60bd0f97
7d8c25b7
71e4597a
552dd303
43c14284
4cce01c7
6c863f51
6ed8a521
7a407c66
6446c484
502854ee
5a5c4bd6
50d15b8f
541ad8de
68c2b6b7
4bbe7b53
4c383e6b
7b535ac5
47f7f1cf
40496388
7c5fd35b
4f82218c
4d27eb66
721b37f8
40595d12
71d8aaff
6b82f8fb
4f2a67f2
640972a8
54416947
6ddd6483
6a6447b8
75ff0794
54ab3411
5262c5f9
5871e1fd
44819f01
5af705d0
59b173ea
62d1dd31
618412f9
4cea09c1
63291fb1
67d3cd0b
4e0dd1b9
65046623
4438d9e8
64f087fa
640cbe3c
57cb5aae
613e8f95
59d69e68
68b92eb1
55cb43d8
59d93668
405cd918
494d15e1
72715cc1
665bbb77
7c72b209
598df0c2
482287db
7d01c9df
46d77e5f
71dba8d2
76481759
4b62a9e1
5b771a55
70867504
5d5792a2
5c2cd5b5
75490363
6109bb29
52c8200f
4a41356b
7e79ed59
464d0095
6bb95f24
59725514
5b3b5fc2
65308bc2
552ce921
747bfb19
66e03948
591b6997
4afbf197
63d2d31c
5a93d0f3
5c490ba9
57a32116
7760a39d
49da38f0
5d3a955b
604bc00f
4b388d67
61509b37
52e6ea50
45e23b40
7c1fe97e
6c61038d
42715e7e
73d698e9
6f683199
45a96937
41cdbf1a
5487f4ca
73b5c2bd
7be15fff
5049deae
79d075c8
5d04d17f
5eed3383
4155c409
5d4d9c55
40659bd5
5c81c0d8
58bef6dd
5e66d3ab
50e49d0f
637a0231
456adef2
4bddd5ce
5a53fd0e
62ce60c5
669bd866
5839310c
5c7126f2
60686acb
6aa0f4fa
635f2722
63defa0d
48b2cc1e
596ba67a
5c092bea
465a69ca
633fa85c
6d20d580
69350f94
5201b837
78c446c3
6aaf361b
43338984
537a40c2
4128c1fb
488592cc
41f65aac
4fe3f033
73ebb415
708c310a
547343a8
4152566c
655a0a70
4bb3d97b
45f93cad
5646d130
66a694e3
4e60bd15
5ed6d2ba
41497e49
622621b4
45f3bef6
61576d84
6c9d61cd
731960a5
5e015539
571482f4
525b665a
73b43aa0
4f2a639f
6a304b84
50a13414
6a4cdfae
6ddef360
74c01387
4578bccc
7137ddca
7137ddca
7137ddca
7137ddca
7137ddca
7137ddca
7137ddca
7137ddca
7137ddca
7137ddca
7137ddca
7137ddca
7137ddca
7137ddca
7137ddca
7137ddca
7137ddca
7137ddca
7137ddca
7137ddca
7137ddca
7137ddca
7137ddca
7137ddca
7137ddca
7137ddca
7137ddca
7137ddca
7137ddca
7137ddca
7137ddca
7137ddca
7137ddca
7137ddca
7137ddca
7137ddca
7137ddca
7137ddca
7137ddca
7137ddca
7137ddca
7137ddca
7137ddca
7137ddca
7137ddca
7137ddca
7137ddca
7137ddca
7137ddca
7137ddca
7137ddca
7137ddca
7137ddca
7137ddca
7137ddca
7137ddca
7137ddca
7137ddca
7137ddca
7137ddca
7137ddca
7137ddca
7137ddca
7137ddca
43a456ab
764297a8
66cdfa2a
6c9c34c1
48c1d169
66bf438e
6dfdb9e7
6edc2a4c
638e88d5
6da60b4a
4863cc41
4a88fb9c
58fc7dc6
70254af2
471412b3
4972c73e
560bc7e3
77b372e5
68e06b3d
525b2e94
76491455
4ef14f3f
67f90337
5238879b
606f30b3
4705dc5e
5ee927a0
74c0002f
465c1eec
7518f237
5f556791
6776344d
6147aba1
60776334
635c11ee
6c47f24b
53e56673
6c8b206b
457457ce
50427e3e
5fcca533
6c331f96
6059b892
7fcbaf84
57f7c445
5192a14a
4b243101
45a87f95
55dcd95e
5a4546c2
7924841e
62333593
4d31e621
5bdc7a75
7966ac3d
41d2c45a
55d0e111
60179566
70fe083f
76d12767
5e8786c6
680beb19
6b5ddad2
6b4b6657
77f2dc36
504692ca
6f600a9c
69238d7a
58f1c5eb
6252c29c
67c7fdcc
707bf9ff
48042595
42bd9ef7
5f472fc0
4071c8e5
62ee3077
6dbc2cce
577e5185
6c2da969
7c1f0a11
48e03547
53783749
4e7a5b69
725b765f
48471846
40413e4d
485ad02c
6309991b
7fc695f5
616445dc
5059cbe5
48eef4cd
43d9993f
4ec3d52d
512686fd
41d0ec59
474bb107
4ec6a4d2
497d61e1
40fb9e2c
5ca9a204
43449a33
419a723d
439801c0
65a84224
473519a3
6bb7685f
4206abbe
64a514dc
45747eef
78e9df2b
75c62b2b
59e117a4
71e54a22
56a08cfc
62382606
7462ff8c
44e7311f
6f3bc19f
5621f056
5d85598d
721a9d0f
42b00b16
52c5231e
4d5b73c4
69c9a7cc
53da1788
75597559
7774a518
410f8b11
565a6817
6ee7d160
4d49808d
564ec2ff
4dba361e
6f33aed0
567df9d3
5024c3c2
619b1724
43496a75
4b122800
75d1fa5d
4a32139a
633a83c8
7fd82818
493c3d48
456b6f88
6c9a5c42
7045e9e0
6de90075
44340f95
660516b3
74e9cd38
612392af
4c47bd52
5d633e40
44c684d2
5bc3214a
757f00c4
5714b12e
6a16155d
47e1508c
41a744f5
613c84d5
60719e46
4fad73cd
717ac3fb
42238167
7d5c9201
7c466413
61a7dff5
4bd831ea
5d5fce23
40ffccf8
5e11f78a
622dac14
5f405577
48e50589
48b51e63
67b2c296
6e81f4d9
5834ea9a
6575b17d
4eb35cda
4e233c6d
4e931e82
42222ea2
5f4e9a29
4966f21c
5a0eb5dd
73aabd05
4c50febe
5e7a1dfc
45b4a76e
574f0b57
44a46491
6b76f39a
4e1b1355
4fd858ab
48508bb8
64437b70
54b22307
68502e16
7ee594d1
7decda0d
44fdc194
44b4bead
4d1280b7
76a6d91a
430cea0b
6dbb8a5a
55ea9856
486a0dfe
464c5c5e
69cbc3a7
65c71b64
7d71e380
40b9bf5a
6b2e8f31
5af8a537
60ed5cec
546344e9
42ce5e1d
473f0a63
639a0c3f
6fdd897c
447415e7
63488e88
65cf505f
78f19ace
50632121
7aafe2ad
46a768c5
734f828e
4df20beb
67390903
733f6264
4c8359e9
6d55aada
52c79d14
69a6b390
4af67492
7232eac6
40dce2a4
68b0753b
6702e398
6f58d03d
4599d3de
42d8a194
5c6c0cbd
4f1e761b
43fa57df
6debaeea
5d675643
5a3409ce
67c6d4a1
78ac0981
6bae4230
47b14d2b
60f25bbc
71e44323
6fa810eb
57894fb5
7bd3d20d
730538c5
64866a2b
75e05656
65e4531f
40a16f29
4fb56adf
69097424
642f79be
5af3dd61
7d923d16
4a0377cc
6eb4af9a
4ba20c00
7a1a74b0
4cc7c601
69c52254
7d84a8b6
43a648eb
4f48a436
58a972d8
59812237
587d5080
6e54d668
77527d69
63db55fc
4f1cd78e
74b18288
69bd6b26
59c762d8
580bfc72
6bde8003
5a9a99a0
536ab2c2
763d60e0
79911c38
4314b606
40b64458
4c3ba8ca
5dee22f1
5f53fe03
788f169f
4379db4b
7bee1e66
748b6581
7723aaa1
5520f23a
4bc0493d
40e3eef2
66453c39
7260481d
57eb35e5
4752574f
50aebfab
68e211b7
768b8641
6dc00ade
516fc74e
55e7a509
4cd951b4
7e5da1f1
6a0a1523
4d8f0579
6021075c
4a3e44dd
5242e357
450c5585
52b509e3
75840b78
5ce15a19
64545cc3
71006ce9
49d8cd60
6593b1ce
5678b332
62dbf6ec
7512399d
70fb9f20
6bf9626e
60c014e0
79fe0098
574b3929
4c8b4a0c
4d12a460
6cd9b639
53e1069e
62b8d02b
4d3c8538
689bdb7c
6426a151
5955eb21
4afe46fd
5e64a4dd
427613fb
43d652bd
72193186
523e9c46
4e1fcc50
56d0fd54
5132b2cd
7c96580b
4e1d0e01
6c22aabb
74db9170
591691a9
5daaab05
7d6f19cd
779464a6
4051b030
44414ec4
492bfee8
7627fd0e
60d88348
7a6b8473
41660129
78cd0e75
6a3262d3
4541f140
63627fbf
4859fa36
607b1b20
4190db55
5d00bfb0
7d012219
59eeec6f
42602443
49c4edad
6e0e49d6
629620ec
5ddb9141
71264a4b
74af6e75
4a3d043c
5442af8a
40a684b7
572cbaac
6c148753
75d8ea74
79e26731
501b8a0b
47b0e1ba
40fc30ea
574e79f3
40e744c7
66b12f9b
7ed54f9b
5ef2bac8
4a684bd7
63dc6397
6e3b74da
49e7ae46
4d148e48
50d672ae
48fa999f
4f74ee1e
655d5c13
74aa1dbf
549f2d7f
61ad8704
41668786
526a0a15
74f5e4da
56e41d48
40b8745c
7076940e
4f39527b
693cf4e2
4167153c
66070115
5fc731ee
7c3b3fef
55ae2285
463197f8
4a6ec5f6
696cba09
51e0336e
4153b034
687878ba
41fbac14
4ed0a147
6c857ebe
70f6029f
6e7ff7fd
53710912
706af6e8
40a4f35b
64c91747
5229189c
42c651b5
567624b0
48495bcf
5939e149
65ccdff7
75897d2b
70b8a259
51b8efb2
4a04fd10
75f95a90
524cf9c2
615203db
486b6a56
670e03cd
7ace5bc2
527f7327
6c8dff3a
6b6b2d5e
581eb028
5343fbe4
7ac1dedb
451021dc
59582458
5eaf3bc2
598b026d
5941e460
78c5ec7d
7a0c1fc5
6b16210f
4a631a5d
705cb309
423988d0
75b916f8
589d1b13
790eead7
433118a9
4b766d3b
4bb78cdb
4ced07e3
7c9fc2d8
7ada92bc
5af1348b
51984196
4101f4c4
444f1aef
60e0bf0d
4515f76d
41e4be3c
6e65fcde
6796844b
5986b21a
53b160b7
41ad6402
65830d84
49967828
52f9714f
54ee6d18
4734f8b4
52831079
7b32b5a5
4044de9b
4748ebea
446f0ffc
46ba806a
631878e0
750fba37
4f0745b4
6f80c8d8
774a4fe6
62a2030f
4c541678
4b2a9559
6dcfebfa
77f45e42
5bfef6d7
75b6b01b
7df34ffc
453ad109
674c5a34
41c4a9f4
5ccba86e
612099c4
54924be7
674ad22b
770cdfc7
651f4edb
4949fefb
66a8a821
5b0f4d2e
6d652b15
4172b43f
6e6563f8
4550e3c9
7dc77424
4f6a1716
4918c30a
68155907
6b49ee48
78b549ae
5b6daad0
7b858de7
4d71865f
5e815305
7d1346e2
7fee6a0e
7a2dd543
4b585510
59f33f17
40a6102d
63acd5e9
429dcd42
5d30b895
662ab5f2
71dc00fd
4b1d347e
4327d5c9
5ce0ebbd
466977fb
6ee3ef85
44f5565e
5d6f94c6
520bdecc
7d673a90
5bc90dcf
414897e9
574e5d84
67a6d420
5e94cba1
48a0a1c3
489d60bd
736f26a6
72531f8d
7f1ee232
6f8867b6
4af04703
4eec4c0f
678702f9
534523e7
4b96421d
6ce89c93
5e31b5b9
4739ba4e
57a3757a
41d6e162
76b685b4
4a12ee6c
5e7ba3ae
46b74b0c
6a4abb5f
4d0409c7
51fe0c34
74295e26
63338009
55783119
603fb85d
7e667133
7be802fc
42ac1c51
40bdaeb1
58117e62
4a4470c1
58906b5c
60ad2e6e
4232d55b
73203dc1
7d4a692b
4b3d5f26
72a94227
4c27c438
585ff49b
5a3fa16d
7e4c17ea
7014fcdc
63db517d
6c04748f
4171173c
45e3063f
64df387a
40d29094
4fdce6b9
487b2055
55024cba
58db35cf
5923e1a6
6052599c
5b75e55f
4143561e
640817d0
644aef05
4bdb156f
58504c20
5b671010
4b2e3754
526fb1f7
4d702fbf
7f60b5c1
498ee226
6dc6c2be
726f4bed
57952505
67ce1510
7265af8d
70f8c72e
6c413225
6d30c8b1
5373bc62
60ceafb6
7fe26ce2
55731b20
497787b1
421c1e0e
697035ca
4b4e8e45
70044336
4fda8f3f
6b648df4
463eeda2
44dc3834
4bb557e0
539f42ec
5a5b5510
5a0aef52
59420058
4a98a718
795022b3
4e30e76c
4f2fc05d
66871866
5388567a
6ceab431
50407cd3
7ca68bbe
5b72a726
5ace8aca
4ec6790e
4f908cc7
4391b6ed
517b3b84
7099c665
57a6a6a6
77a073e7
63c49a2f
5f0d97fd
6e20c4dc
50832e46
482b070a
4313f1f6
5f102def
76e7b420
510e6125
412b3c89
4940b950
575ce660
7f4b23aa
47b4c4f8
77980b31
5aed0a72
78a9d4a0
513d5054
738f6039
751c80c5
71000f57
5f656952
6c871092
7fd1f9a0
6f01eefb
456289c6
721457df
5232ca6d
42681709
673a1187
481eff9c
66132a8b
44062394
70642438
441c3299
6d073c66
57907ba9
691a66a1
519dd7c1
64461084
4646c3f8
460d0105
4f6fc05e
760dd839
6deb7f73
598dd92a
43328e84
4066aaf0
663284d3
75af6e02
58a7ef4e
636ddb6b
443d41ab
40e32afe
6e4be982
7b3cbd3c
4cc90c2b
7a225415
46cc2ecb
6391efd8
432a0693
4b7cb5f0
75c3c7c6
5d265706
448b9f2f
4505549e
60a66422
66cb9fbc
55761207
6a4b2874
4e0a1ce4
51c6d401
6f33a153
547f75fb
6e0f3b4e
5e0f3bcf
4383a3ce
7918b713
6973a086
4babca5c
51920dde
68a10b28
584feb5e
71661b5b
5931b471
52c58a01
43fcc761
50b8d25c
437746eb
5b0e1e0c
4ac54570
4b6d8db8
6feee1f0
5ba8667d
73bc04f2
6b265363
5038a492
4c9c2644
4072302d
7fd60753
453eb00b
50b6f66e
4e060e20
6b197070
6401638b
47428c8f
701f2bab
48af6d3c
65e31175
41c5e4a6
52c7f239
53eb2028
58fe8f94
5615bd77
5e24cb72
5a51aeaa
723d30b8
4deb12eb
7be8b60a
7497c022
500414c6
638d5a24
573cd044
7c0a2cc7
65959059
6e28b4d2
52b2ca7c
6c16c087
4cdf6789
597221c3
4e51d458
4a8d5e06
57c89af2
54dcc500
6e3e48c5
607a1055
4c13c3f7
784afac4
4f9e4974
7132c181
7132c181
7132c181
7132c181
7132c181
7132c181
7132c181
7132c181
7132c181
7132c181
7132c181
7132c181
7132c181
7132c181
7132c181
7132c181
7132c181
7132c181
7132c181
7132c181
7132c181
7132c181
7132c181
7132c181
7132c181
7132c181
7132c181
7132c181
7132c181
7132c181
7132c181
7132c181
7132c181
7132c181
7132c181
7132c181
7132c181
7132c181
7132c181
7132c181
7132c181
7132c181
7132c181
7132c181
7132c181
7132c181
7132c181
7132c181
7132c181
7132c181
7132c181
7132c181
7132c181
7132c181
7132c181
7132c181
7132c181
7132c181
7132c181
7132c181
7132c181
7132c181
7132c181
7132c181
610101a5
593833fd
4cdcf43c
59c8716b
549ad707
5dace1d6
453ca9c5
475f1658
4410f954
6bdb842d
4e3191e2
68c0280c
6ce8c02d
4aea99f3
687c1d1d
71be71bf
420d32ab
779e13b5
6d110647
61564d88
6a16cd30
5e7e0371
616f8a22
47097119
61e2ea89
4c5c9760
533b27a5
69385fdd
5462bd7c
54fb2a0d
4bf1b35a
4bb64722
48a1c154
428b755b
4fbc789c
6a6ab2a1
68eb58d3
73403379
44e9ad91
406c2125
4234b15a
77b0797b
77916d95
41201ac1
66125779
541ff7ae
6c033ded
4a97a757
7f0868e7
7adbac95
425f90d9
7df89300
600c68c5
5e439ec1
5053f1d7
6b55d5ba
6212a0f1
7455bf6d
6c30b7d4
45b68621
69e7e4c3
71c942dd
452d0f60
4f2a744f
793f8972
7c60fa09
7ffcc2ac
44f594dc
5170b205
4b3b9ac6
4e748219
41d18552
5dde2816
70092839
5ffe4376
5e5b4574
4889b5a9
6664778f
449fb895
70f1919d
74e9bb92
74d3392e
605b280a
55aab481
7943a815
5759df78
6ca5d88b
7cd7bdc7
506fe723
437a32d1
5ba67324
75aecaf9
6b36cddf
40f2d0d0
581ae673
5ebece60
6d2e6a9a
46c99d09
44dd1b22
563a6390
6b960dc0
528521be
5e0d7904
5c5d4581
664fcc33
6d0aeec9
7827dfc9
52f82849
65be36f7
7724cb45
4cb57690
68453e18
72717acc
59029c1d
57e16067
57e0da9d
7360d9d0
4fd70065
7d9664e9
777ecb3b
7bb19e89
4ba43121
5fca2dcc
74809b63
5fff9d49
5c5ca1ef
48fca4fa
5e00c542
40179417
6cc3983f
47d6db0e
6790dec1
61a1e995
6dbe27cc
5d515898
4412d15e
740eef2d
54c79725
5b479431
6f1c155c
4a9fc0c5
7a77fe4d
43605bbc
5f195420
64896692
52bd785f
50a6878e
74c6cf22
505bc18f
4dc98ff4
6e53d192
59cecb8c
6701ba06
4b7ee458
66326252
4516f701
50649445
7ecd1873
66be2ccd
76c71bbd
655cbb16
7a2b5427
62f9e482
66bcd807
61aae0a5
76b9296c
679fc8f5
4294de02
5489e556
761db6ea
6a169d3a
405de45c
7c484a4a
4e5d6539
608ba459
6c3d7fc7
4f2c6597
6bc1cde8
43a7e4c2
6c66047b
625eb09b
76b275ef
5862d2ee
513d31cb
6733b503
492803b2
72679674
4db55cc0
698e3eaa
46b8a953
4be9c961
4759a16b
48a9900a
4b0a65b0
59fe867f
58eb8142
40b4f294
70972398
72654e57
717e631f
4c206b50
53298540
5e2de040
401c5100
6da46467
50462d76
410cb80e
4e864753
6aebca49
617ce601
40e78586
4f6db040
6812b6c2
708b9830
68e5b0e8
409e6049
411e031b
6af64615
5c8230da
6d41dcf4
7fe49733
54021d38
6a6d1c92
75de4d61
54947ae1
4ee1e0b9
47f869a1
479efb11
6de3aea3
495fa311
61d5cabe
5aac62d0
456aee1e
5d557941
48f269cd
4914bfcb
6a453f7a
74de4ef5
702b0c9e
54e7b52d
5ab88327
6d13aa46
5d40fbd5
48c92d55
41ad0178
62cc05a3
58d99ec0
7d37e055
6b6db374
419437fa
7601f51d
66923eb4
4dfab86b
4da21651
45b35ad5
449c5f58
4666b72e
4b0c5b02
5c2a66d5
42aad288
52db3ea3
4038c17b
78cad341
5c479c34
64e85833
4b35ac2d
434e9f17
6281afb8
7ed280c1
41f4aace
70eb3371
5bffdf2e
483e7680
6cb33e02
7d7991fc
49698df8
762be3cc
766188cc
70824846
6cea796b
77b2cd35
698873ea
55f7827e
48ff5e2e
4a872fd2
66a047bd
6cdd6946
54778f37
715a8df3
71f6ecba
7f44ba54
6ccadf27
759bd44f
504af63c
413b88c0
7ab8b284
53aa00e8
498e9494
61c0c27d
6677eef6
70f02823
4ae9ecc9
645b0675
6a3f0f40
5f1e9896
5de000a1
452b4374
4132ee96
6c6c5689
64dec017
588a26b4
462bb1f3
591dcf8b
74fa1fe8
5b1eb8a8
702449fc
4663fe7c
71d8516a
7328d271
4d51db66
7fb92141
730b07a2
6afa6a46
75897d2e
629d6eff
5f8a29c6
40a83c4c
774fda39
4da74108
47d2413c
4375c3e9
5b776ced
4955727e
62afa6d3
61733cbb
47a3c7e1
54456fe1
564bf4ca
74fe16a9
55486496
612bfa62
5b302486
732b9c4e
7825bc05
56289949
729cee37
4261bdb3
7218a3b0
569fb766
63fa156a
441017a9
6aee6128
43d75072
4e39ebef
41e5405f
7b836ee3
66c74227
418583cb
4f3dd784
5ce0248a
5db7415d
49df4b30
78477602
5519843d
4521d5c1
7f343a39
49adc048
5d1d5398
7be289e9
4604aff7
7cf27483
58791d47
408dbbd5
7eb14b09
48972f51
5fe3eb22
7725b17c
5c2afa3f
5493200b
46d454e9
57082762
4113721b
7576d6c9
7ea3dbfb
48ad1009
41348d9a
7226ec20
4f32d856
56cced4d
739aa211
4c6e9f1f
68b4749f
7164adef
6a7a893b
7edecc09
7ead68b4
55f7e6cf
6a7e8d8c
7b9612b8
7a1929ef
57ff9997
50e67b61
50c295e6
7bef2c29
5bf58e7f
7c50d2b3
4f68b46a
62147670
66977f15
7075cd0a
43c231b0
734313ad
5ba36b3b
62ae8aae
56fbb4e9
5f4e3e55
67694716
48488b8a
63732767
7428e395
5a7dc85c
60b7d4ff
452ecf98
6c9f43ad
448ed45e
73cf1295
7a33eb6c
651c0bf5
5db7594a
6701f5db
7ea895a9
72ef990b
7ad49208
4024349d
5c662fae
5f0e60ae
7c98ea4a
4f4ebce9
421f2c65
42c1c520
7b189a06
6e7bd08c
55f9a7ea
757a2fa6
6b4a83a7
413cd1ee
46c08797
63e6fec3
557af295
50fb6df0
47720f15
61baffbb
56f813ce
5c9b32ed
58c15056
66d38e7c
40bfde01
42a6826f
636c469e
4bc917cd
7831f066
516fa328
5e7f3b0b
5df7a999
50117e63
69ccb32f
7c62225f
6c09a49e
66c875b3
7e85ec38
6aebcb68
5af86a87
4e65acba
5ee45b7b
59c44894
5d78b5e4
791b12ff
4e6fec16
40d284be
41253058
7a28bf08
7836c66a
5e4c2e5e
694e32b9
41b977bd
60457a6d
722a06f9
43000a12
5d10159d
5031f411
794663ad
46c1eeff
5ad59228
70b4cee5
62baf283
42535638
5e06d754
4d9fef4a
4b72ff5e
440c3528
4b35bf37
42d6b46b
52410cb4
42d22f31
7aa8c1a1
4da869fa
7c3a3af4
6b9e60e5
6bfd66f7
56991d2f
79c652ac
70cac0e6
6b01b34f
5aebd91c
543f526c
6406a6e6
5186dedd
4f6f9e1d
5e54d0db
5d35c77c
5a8412da
4d973d5b
74a3aa95
79a25276
4464a0d5
504ef82a
5c94ead0
5fae547b
71006653
7f2ba571
615a69dd
478b8776
5a4902e5
7cae81ff
5784e46a
42516ecb
43814d29
4530e68b
7d768fb5
5a189dd2
52bb36df
53e749a8
78348d4e
54bc2aba
41a89858
5815733c
535c31d7
50a90362
767f26c8
55a75fd1
64da3f74
701f2525
42b02672
59aeef3f
6091851a
4504367a
5ef7a252
466c3421
41e37adb
6a35319a
6dfe385d
479e2251
7634984d
643124b0
766e7651
5733014e
726963b8
4321315f
54734af0
49123ebc
609e5c9e
4ba45b92
5d455acd
6d3cbb3d
40c7f614
5e30aff9
4068e681
4f754114
50c6960e
49984bf6
4072e224
4ae3d0d2
7d0419d0
5f03461d
53fca856
4371a099
5748db8c
6e8c2b77
520fe728
5526238f
7d941f69
475f3626
452b7ad3
74a3ced1
7e349d08
7fd40644
5f89fc59
5570cdf5
44955f9c
5bac1b62
7c978543
695c7f4e
4a00253b
6572f23b
4388c0ae
577099f9
7657253a
43fa66a8
407ba385
64522be9
48d170c8
42d61452
5dcd0532
60ef8401
45d0fb05
4b11c292
4fd1bdd8
5ed4b820
4595bf1a
73da746f
631dde99
74a41d3c
527f55ce
7612563a
5ca68095
4e048681
4341d517
5dffc705
44614fa1
571fa054
60cbe36f
6afcbc07
5a97f5ed
6e509c62
714200ee
716a2030
615dcd30
76942538
66e4c10b
6f6498d9
700ede6d
7e934d8e
4ba216e1
7e3a0e19
5726f7ee
651d0e60
401631b2
51611703
67462345
420efd70
5e1ecbca
7a7f9ff5
7354392b
73b0b8e6
4a608426
7c8f6577
7fa99cad
5879f8a0
641aad9e
7485c2f6
4fb5598c
5245ab79
4beb48a5
48bfb5e2
5f6735cd
4cfb5f19
68d5a1dd
50800f74
634bd2b8
6b4684af
4834f4cd
4014c1ad
56cca69c
623c9b0b
4279d25e
67444e8f
4c7f980f
7f4f9175
5448045b
639d4a4e
75e3c83e
6db719af
4aff707c
69ff934e
7b2c9acd
49ebec04
4303467c
58aba3d6
54b9f06e
7b4087f9
4a859340
526123ee
5696c9f0
4addded9
79b562a5
6f241d2c
5739f77b
7b7ac341
69b2008d
664259eb
5648ffef
77aa0080
45d904d5
7925d344
5c17fee8
701bdeee
68fe6644
65da1b11
5abb2177
58dc1c83
56fc8605
45758e55
4c4e2b3a
51ad3122
43a0e4aa
4d02e178
78325bec
7900a8d6
795d3343
4e5cddaf
4f5149c8
49693934
41ccc64c
63e44a18
649ef2e7
4887cfa1
52d41c84
400e1492
56b9a677
576c60ca
62f67e08
47ef44f3
5ecc3c41
5c749537
70e24514
768119ca
685083be
406ec825
661b6d32
7f6d7453
7adeff22
44de8fe4
7b40b226
6172a20b
41d78ee3
70aa1a82
5b6a77de
478a15a9
507b08ba
4f4c2391
61318008
6c5c930d
6ae1a29f
711539fe
55ac223b
515fd20f
6fe6400a
59c4446b
686c5126
582eb295
6c110781
76dca1cd
76b76cae
54969daf
6ba65c74
710d1311
68a0cd8c
4f500865
45eec016
76e21719
74bfbb46
42afef53
68bf6c9e
45415413
46488876
4f647822
4e5a4330
6c8e64b3
40426188
619d7781
5991b773
44a51f87
55aef724
681f1902
64c139c2
65973f81
7fbc04b6
5904a7ce
76fb4e89
402b83e7
79006791
71babfe1
469719bb
430aca75
4f9d350f
735c268c
446610c3
49f059d3
66d43042
526f78d0
71e3b91d
6e020704
4cd44415
4e698483
733b7c1d
710d11ed
45f97c67
66ef7678
76ecad84
470875a5
6b498629
4248e845
4587f3c5
76819997
4c791ba4
7e26972f
4d0af544
64731603
4d8c036f
44787034
534d7f4a
4eb1e66e
5e7b962a
7e272978
4a99973c
7649725c
782d7e6d
481ce1e3
49ef2434
42399159
5297a506
62ca9bd9
7462ec36
7462ec36
7462ec36
7462ec36
7462ec36
7462ec36
7462ec36
7462ec36
7462ec36
7462ec36
7462ec36
7462ec36
7462ec36
7462ec36
7462ec36
7462ec36
7462ec36
7462ec36
7462ec36
7462ec36
7462ec36
7462ec36
7462ec36
7462ec36
7462ec36
7462ec36
7462ec36
7462ec36
7462ec36
7462ec36
7462ec36
7462ec36
7462ec36
7462ec36
7462ec36
7462ec36
7462ec36
7462ec36
7462ec36
7462ec36
7462ec36
7462ec36
7462ec36
7462ec36
7462ec36
7462ec36
7462ec36
7462ec36
7462ec36
7462ec36
7462ec36
7462ec36
7462ec36
7462ec36
7462ec36
7462ec36
7462ec36
7462ec36
7462ec36
7462ec36
7462ec36
7462ec36
7462ec36
7462ec36
521e8492
4b998fd5
72e8721d
4d751f15
609926ac
63d1cd55
6d7df42d
5ef900a4
6a3cf649
62ec98e7
598b7085
54eaa1f3
411fe721
4511b667
50a1cac1
5c2d9022
6031ef41
43b62ac6
47acd749
7e426741
6f781830
6b140b56
4f3e68ee
5b81437d
41bf85b6
4bc160f1
7b5b2f1a
5b50f8d4
78a0d894
5a80360c
50aec3ac
4c78d8f7
77cfdb7d
49f1d278
6fbd29b1
70c52a49
7920a4c8
48e83a1a
70fcca1d
6278625e
6850c639
6c566010
4d5372c3
593773c0
6dc71984
5cd322b3
53c29dc4
4df251dd
55aaf0ff
612e2401
57dba58a
5f8722d0
535f24fd
625c80ab
51aa00b3
5bad8085
4f64f91c
41b66c85
4d8a7fc6
4b9929af
62f2f86a
49cf2626
50481b59
6ad4be41
7c74c767
51bec019
41f2e997
41557bcd
579fdd32
759730e7
5bd2a597
7e6f247d
7d9374c7
56b624dc
61c0a473
765be890
6dff7446
6c540a0d
56fe3d62
4e659a9a
4939208c
7f67c8ea
6f256360
7fdf6d73
40e376e2
4d21450e
67265409
41668fff
7b7b69b3
5caf3c12
6311336e
59e0f484
450f7dc1
584a356e
4b42a261
7f491dd2
628f426e
545b7012
57633dcd
42a8bb5e
7d380baf
48b85eb0
5a904cbb
68eed832
6112fda7
6ba9cb0c
63b44425
5d67e33d
5c4e3504
4fe6e737
56bb0a5f
4b1c3aba
6bdb4b78
4e599df5
596b9dba
53bf848c
69ba8936
768f1b3a
7862ce13
75602fe2
75ae443f
452f3bde
5a727773
6d45bc28
4ecc1db4
5225175d
5331c4cf
7f39716d
5aed6810
42060f90
5298d524
76b74b0a
4b6713f7
43098959
4decaba1
6aaccfc9
6390014b
66e23aab
4a1e3522
572ece59
6f546890
451bdda7
459e7f3f
5c07fb66
660122c2
6c00fcbd
549a92f8
690eed93
588437ad
71bc2a88
68f8ce3b
7415bfe5
457b2f91
5b3bd7d4
5580ea22
6e8bfa88
73f59acd
41290b7d
4d62650d
52b7ed6a
4e5245e6
58bbc059
5c16741b
4ef3d109
5efbb9e9
6fcbca19
6cec5589
7283682e
43b618fd
69ef37f1
5070a199
417a4368
408b6151
4b4a489b
65523c47
5ad4ae0f
7d0cac53
494375b4
754559c3
530db5a7
4bc94a29
7d6b0124
47a67b16
49f057a5
4b8a51dc
78322f76
565af751
5203eef7
612a8aff
7241ed9d
5023f92b
619abd01
4112d989
64d94435
4025590b
6f3d3918
74716067
656dfba6
4cfd36ba
40baafb4
4c5cfde2
48755ad2
779a0c81
61e2dae7
65819e84
4a85e9dc
45a939b9
67129b40
7038e068
62164988
46f7a2aa
4ca9377a
708eb5e1
4922ebb3
727fd48d
5ff922c4
4272debc
46d1eac7
409816d3
7c4a6aef
547926c0
71112504
52faabcd
5f85fb87
6170eecc
73ef6019
46ffa9aa
7b91c98e
6edaf9cd
60a31828
5e9e51a7
43044521
61a93d90
502dbe67
67c7814b
46c59a2e
698e1597
610de82b
5236d44b
7bc234e4
6d2d4102
43310f99
7a218f7c
425e2f0d
70b5ebe6
4d8f2599
53adbb36
569793d1
7cf19aa6
48496eda
4205257c
418af600
42b7de75
43e59a3f
7475429c
64aa971c
6e811226
41970890
4de251ed
5e17822b
45727e98
4f39674b
608677ce
44bf340c
61b96eb7
6802b383
40af1f00
4939a906
427e0e40
7fad5187
4f88108b
451faac4
5b9fea73
6ca331d9
67eef9e6
638116dc
54409ee9
4c3a4f7f
40ad2f8d
7091b7ef
7fbfc541
5a1b3463
4a343c7d
6d4e72eb
575f1339
465c1506
600cbc89
4b72f5ba
41167ba4
473933fa
770efe97
74e12bd8
44f4833d
65895b13
698653a8
5bec6985
51720c81
6dff6da8
6dfedb41
50d253de
657ca8e0
46e22fc7
4cd38a05
54365cc8
56411d78
53adcc2b
7bdc4131
4f6b5e68
405fd903
40ab69df
45a1e4f8
46ca9ca4
451d3ab3
442e0a72
729211af
76a98fbf
4b913055
6b6ac93b
6a09ea7f
6482a692
75059243
64b2cd41
4d8bba15
7dd8cfe6
4588b5ec
416da7f4
669ad3fa
6a62f621
54bda5da
69bc5656
61cca4d0
72542c67
7be885cc
422b0724
4db0ba59
6781519a
62e304e2
6f922b1b
45cce17d
6b2b64fd
5bd32a58
44a16b96
6608db98
503e42ad
74bf13fe
6ebf67ec
5a8aecce
7a3a30ad
6dd4e137
5848ede3
54605f82
6f1a16e9
702431f7
74358785
6f24590a
607d5162
64c4c19a
5a2cb701
671348f2
4301ff3f
4a1c6238
54c12390
5fe2a521
7f728f63
510ac421
7cc04bdb
5ecdbdd1
6be16d5b
52420999
695461ec
47b2bd9f
7c686855
7afc5fdf
7c9e6327
6fdc84f7
57c556a3
4418e0c3
652312b2
51917b37
4705bc40
4f5371f1
75ab51e8
478c5736
7e54ae50
52a66a78
7f862eb0
64d6a715
7c84a577
4132d36d
4619be57
6843a13f
6d944de5
40c2e2a5
569ce4b8
42156e56
4e98d1c6
48409932
45a76639
5587525b
50e6ee3e
417105fa
40760aef
676467f0
4c965a25
446b211b
7c132e37
7c07dd6d
49f90acd
4802c2b5
65e3b8c1
4ef1ada3
58359227
4c274ac2
4e1e0fb7
7b958222
47c7184c
48e522e3
510d955b
7d7c3dda
6bb1b45c
67ca9dbe
4a12715e
6d355e7f
400aac82
50bf6317
480a79d1
669735e9
530aa1b3
4bb8889e
5566a916
4733d901
4c21fd1a
561411a6
57abbd69
4d2e5cff
722fe3dd
452c383a
4f141e75
6ce2e589
674e8e5b
66c906a9
50e84382
4e73ac5f
5ab2dc3e
47e8fe7f
587de652
6b101b92
51c6f88b
43b37b69
4571da75
63fc44e9
51cc8638
4e4e542d
49f3992b
5fa5d099
5124951c
6403d673
7cfc8b42
440cf46a
7a622eef
5ac7a775
7b178c82
797b1430
60b15a36
44a4002e
4477edc8
6cb82186
7431e037
79954129
4a06a5d4
611e6dab
73799ef8
505b7784
5297e269
47297431
493d99b1
4ac547db
425f09c0
7cd81938
699ecb42
71d86b06
628368e0
7e5b3616
48967884
55afe8b3
583971ac
5b1c633f
44943cc8
441a542e
4895acd1
661840bc
48e202e6
65264f6b
68009b43
45ea1352
7a9e99ef
5eb27dd9
530d324e
6b02e6a9
43f29aff
73b8e85a
4f674e7c
6e3f50b5
5829e199
7c8ed5e6
5d3df8ea
691a2822
4e5f4746
62502759
652883f6
499fe783
5f70e172
59a01292
54cc3f6d
734ea259
685c0f23
6c9b0ec3
5c4fe47a
4f47ebaa
5aa20530
4c23cda5
42e83d1e
6f1063d7
46de1c9b
6b34be4a
45da7df3
7cbde912
537b0900
4ef3123f
600215fe
58a7474f
55207b2d
666a82ab
446ba343
6e51e86f
414b86e4
5a8e85b7
575aaff0
7de15ab6
4c3ca22e
58226293
6725a13d
685ac60a
4a7eebea
4254d161
4d5de5a1
60126d03
4e82dd36
61b75d07
5e3c88e0
444232ee
5ebc2104
570c1cd9
412c7a94
4f1caaca
7653c64e
5e3f401b
694c5688
4df9b46d
6a7cab9a
44f37532
69d7e15c
4ae9e766
60939062
45ab07d7
4a614be2
54cad2e1
4332d67e
4e2b5616
4f9be6dd
4b5fcb71
4466559b
63458a22
5bffeaa9
43378de3
4d43e2fb
63c1b509
52a3b33d
6b765d04
4146c355
491ca54a
4d293b42
49131afe
428a2335
7a4b4675
5ae6ff2a
6a8c9164
51a9977a
78bff0db
5e908c8a
4297cf2a
69f71735
46c6607e
7b6873e3
4ca873f3
7e82d4d1
50757893
4b830906
46d1a1f0
4cb85f8f
46eecd91
6fcedb04
56bef299
7acc1396
6054e4ab
42da36f3
4fdd0f14
404484ca
5adf001a
46f4082d
699a03fe
4f1dc2ae
47659388
51234d9a
4e261e20
4bc8fcbc
4110fef4
5968bb06
7dd08ec4
71cdba06
58a2d649
5612e301
43253e61
432ce1a5
423718bf
57d8fcdd
4162a7fb
52a6dd48
63056b87
5de9c98b
4d0ff9bb
494a86a5
79a5e240
49551542
735c672b
4d3fd241
6fb976e5
7cd9e8b4
421e482e
7c6680a2
5399cc08
7783e895
47a7bdf2
470584d6
49845c47
46c2a4f3
5d946472
6b8ee5e4
71bc7136
790808b5
7e4fbeac
7f7adef5
47f2edd9
53b6cc47
5ea70aab
4e356399
5bd248cc
4908740b
47460fe9
43d61254
49f6a377
78da6106
7bd0c99a
7d3f3b88
40aa93f9
6b502612
435a731b
5a782c9f
58baba9c
4b9f71f2
5f4ef4e6
79e01e00
507c9530
43f0dbea
5fad8b69
42311406
69a0ee58
5886dc79
7b97b7bc
669e9fc5
59a1d888
47c7105d
6313a5cf
4e3f4750
7ddb3530
7d57f515
646a6743
4bb439fc
76d58078
790871ff
7deb0086
4fe9f064
45ab90e0
74b999cf
66f84ca0
778f11b1
56d0dd50
67cfaad9
528fb551
79432334
48b97e03
79f63e7a
5907f18f
6f2302fa
4a180918
4d962a35
52d2d7df
549149f7
496168c6
4f2a1523
4954bce6
61c6dc2c
59edcfe8
492f544d
6d90a5ed
5c8461df
5f34fbc7
4ba63a6f
43f08f32
7647fa3d
580f53cc
6d552f5e
7f7e58e4
42aef4c0
45031634
7267c3eb
5859a2d7
6c2abebe
52e448e5
58cfa0cf
7fdb0794
45655c16
76590852
44893cf2
41c2c68d
7484ac3f
4568ca62
4b8995b9
70984009
5d84fe2b
63256e22
5b340ef5
4f0d1920
414bc335
7fd369de
42a339e1
69852534
7c7c1cd6
5c61a919
454b0904
6dabe607
46288dd3
6398b6fd
553e47a6
778de41b
7ac28596
58050072
74bbbc5d
6f8085d4
4ccdfbc4
5344170a
46dbb327
4e947808
644321f3
51741188
7547bd2e
479a6fa3
40594afa
6b7af5e4
6588f04f
613c10e0
5ac007a2
6b16b032
599a5df3
67497126
67770ee2
640ddd79
604b5aeb
5ff09cfe
7f8bb31d
73b9e70c
4d597f1d
73dd09d2
446182f1
702aa19c
4d9a14b3
691bda3a
4d2bdc3f
7d20cf4c
6891cf76
793d2a65
6c9bfbab
76ad5c37
6923890c
762d38c2
595710c1
7b9386d7
4649772a
6c31efe5
59242f39
758ddd47
415bb370
6492ae50
5ca7ea17
409e3a9a
6f5bf622
6aebc22d
4505e0af
479e8301
6f0bacd9
7450b6a1
716246e1
79c39bbb
57b8b0e6
74b75207
5f3b0fc4
409fa5cd
68c3b062
59d422fc
78ae0027
7f0f78d5
795f2cfa
498c11e0
6b639360
48021120
4c528f84
5806bfb8
6b8d2f75
71342df8
765d4bc8
40452b62
7b66547c
424af18f
74d92930
42825eea
4fadd98c
69209960
58cf98e2
41e47ed3
5187a998
5f1c31c1
5ce196a6
66b81f00
491184b9
5c8b725d
576e6102
61eb6c3f
75cd5a91
6c44d72b
41b59906
579f486c
61334893
4687aacf
6d8028d0
6f0d6ee7
4cc24d3a
5d4ab134
482ae24a
4f0332aa
608b059b
641aee17
65858642
45eb2621
51e9cee2
55bdd6e9
55028dbd
7670d712
63aa4036
4418a91f
559d6d41
6593c1e9
6077f4fa
758ac036
65870f6e
6988ae54
488f0dfb
5206df11
64b55d05
548b8bbe
5ebf3697
47586dc3
6317f171
793fef09
4e091974
4a134a08
688cff1f
6f7e1acf
66500506
54e2b7ff
4f4ff9f8
4b78b65a
5392675b
42ecea82
58045813
71516acf
55bab793
40e98172
47a03a4e
43e79a0a
5c79e046
458248af
59f190a5
6556cae6
73014c61
64a01592
4a244d55
422bb5fa
41b1f3bb
418ecd25
74fee53f
5aab624c
4d4619c9
5087d11c
419b68fb
784f372b
461d32c3
6160743e
6e8f21b4
55f3b681
58830261
6fdcc0e3
750d0c3a
49e383ae
5d1ed85a
68ead014
75d08152
7d2752a7
46730515
5bd8c81f
6803aa25
73ea1ef6
5cd16b50
743fb013
55545eed
4923d0ee
54f14467
64588ad5
4a2b8b63
6407d2fd
69d0b609
63b70907
5ed89753
4bf959fb
5a8cfe09
6e30f7fe
7827e360
407bd808
67abec65
5be86096
5e7a8ed2
6728ffc0
71f32997
7a3b8314
6c357133
79cd71d1
5d340f81
44eec2b2
647718c0
478fc35e
412a5815
53bb81c1
5431310f
613f6794
48ffad14
4177a133
66136d67
509ada6a
6f521cd7
48fd162f
5ced1fed
50af6316
5486c496
716d5e36
5c3d05a4
5cf5da54
7a0152a8
5f20aeba
57024d36
42fd15ad
4dc4def5
74856b25
616057de
5e211c92
4a79c6e7
685f62fe
6c30c367
438d04cb
7eed376f
46c9dcd0
4fac0452
60f35175
4ce6a88e
6162a6eb
65f8f2bb
5bee989e
49afe628
5e71e07e
4c2a8136
5a0debe3
4c50bbf7
69b19434
7855970c
72ea7847
4fcab4a7
575731a8
63770f0f
6bb083fe
631c1a6c
4643f474
5cb6a6fc
5826af95
40bb029f
683c0917
6532323a
68518e1f
7765ffc3
4e7d252a
67c2cd2c
5d790ed0
487aab0b
6af4fdd8
711d8a93
64d33198
6657b22a
4fb0a60c
63bc5c40
67afb42c
55466539
482699e7
62d8d8aa
439b5cad
425580f8
41bb8779
6ece3d80
4bce2a7d
4e39f889
5824b947
55e29639
61f4cb6d
53a4f1e0
47dd0626
78b8bd0a
42084b78
4d3a9e3a
42a1dd1f
7708b90f
474f39b6
5390289b
7fbe1efd
63ccdd26
4edc1885
54119ab5
48d8a427
44473a5c
552696ba
7fd6f30e
4f6d4315
79974afc
6f560bdd
5dafd3d3
6ad1882b
5da71702
70caa142
6bb0c532
4c01d32e
5594eb9a
58bb46c3
75549222
5bcb4c9a
5a908b40
5dab456c
5443f285
4336c3b1
7a1c9c69
55d89e42
7791ddbc
6d0663a0
51fa28f7
530a6bb6
6eb44a10
53f27ab0
7384f2f8
74db993b
57a7ea1b
7ed573a7
420ea808
48239de2
5b555879
61ce92c8
724c98d2
43f70b8f
48c77c05
6ff5f3bc
61611e7e
4fcff0ee
74aacf47
497201e2
4002f65f
49a63a90
5d0503b4
50b13ed3
577e443f
4a784823
59228f17
40d9b693
68864c87
75efff86
4b46ed05
558c6ffd
47728cac
41d9f043
42db72fd
43c971d9
54e1cf90
709b17e3
40e29cbf
4a2666f4
46996ea0
66567f78
5076f472
7d651484
5a2336f6
41b10c80
5c4a0b6f
57e179ef
66fb86a4
48ccf933
750857ca
525885fd
66614683
70fbaf6f
563ca002
55004ac3
6c40cd5d
6e2fd9d3
41d8dec6
7b59fdb6
649fb6c8
49e1101a
7998719a
689f0f15
629893d4
4167309a
71e3a812
5bc0875e
4f170abc
74da5d7b
5888559a
741aa247
5971fde7
616a2a66
4ec4ea76
7d84d95a
66504200
56ca8aa2
6373e13b
6619395f
5d1ee508
4051679e
4e86002b
4308a8c8
5622b336
50cf93fe
47f92e13
6a75df05
77e94052
58c4d647
5cf6a0f5
422798c5
49d31cbe
54a10114
433f7991
64fd285a
46fd1231
40d56bc9
73d888f3
46cf67e1
6c3f6d64
6518f34e
5f817998
7545695c
5c3937d3
4953c82f
493bdbf4
49f3d79a
59fe8d62
61e1878f
63255870
68704518
4ac29a11
7126dd1e
4294e61f
598867bf
5efcc2b8
481c875f
780024b9
51ea3f00
4d9eb4ce
56c84977
781e8f06
7a428a31
40ba4729
4eb09ec4
443b7d4c
4b625be7
6907b933
6e83fe4a
47bc097c
47eb0800
7406b8fe
45168762
66a3d7fb
61505d9a
4ae1dfd2
48d7b478
524589f8
5209a6dd
4b1cd33e
48d48874
652287a7
51f496f5
4dac1d9c
54fa83a0
5e99a05a
6fe47c84
510815f4
70886016
771f1d78
6a7b67f9
47eb9eee
50b9cc8d
4016817a
50cfefc2
5f6e721a
68eccf70
4df2333d
773f28f1
5b4c407d
42ef0c48
668c2820
7492af20
5ec54897
6e9dca7c
44eb15c8
54fd79e9
45121812
4bcf8724
52cead70
4f5af01b
6502da5c
656936a1
4cc709c0
44551897
655cf50d
45357803
67b17f9c
724e76fa
51c0131c
556a1dea
724a0afb
4f4a692b
547892bd
6af920c9
5bcecc89
5ba6f5bc
6fb8357f
4059a5a7
6508a9f3
520b3383
4cc45b02
54262666
53a7bcb1
4dc1a8ad
729cb922
4ab40365
5937385d
40255f63
508046fd
45d3b207
75cd754d
5e2192e7
6517aae0
6a743d3d
43147c7c
696f6829
64d3a752
6fc0f7bf
5ad4b09e
7bb9a025
4e441859
44db8dec
5e9f3a35
46538d38
6fa261fb
4dc71c80
432cafa7
53fefcde
72468468
63e22364
56fd6913
50144698
6627b00b
63c3a52b
710d6e80
5588ec6e
5963f6ec
5443c069
75578b70
62109227
574db13b
7b997ab5
79f18cea
5db3a5de
7b71f69e
459aae91
66799b30
6beb71fb
4a4171eb
5f2c260f
5b088731
4483b161
51939a95
7b13cbb4
50519525
5d3a6ec8
6c7a1bfd
7ddcb71a
4d631efa
5e54cf87
7ed2f582
65ab864b
5877b37f
4ec68a6f
4f5e3c1e
62e1618f
67a69458
5e08f2c2
4fc22d91
66338629
6c910ee1
7acbe534
41aba7c6
63ee215b
5b8eb89a
4134a3a9
64625fc8
50967c4e
40588b68
5797fc85
64ee88a1
4af3a31c
4813d267
5a3c6935
6b5cb543
588462f5
70a8a7ef
535ebe0f
5e4340c3
6d76f6a6
5ece0b72
68f94b95
71f5b469
5b278432
60bd31de
5d7ba046
637cf292
7f9a71c5
4b8b8214
7c81f051
54e245e4
721c3146
7d0ff751
6f82354c
6ce206b9
5886868a
7a31c9e6
44116203
58af48cc
5c33c2cb
63dd71f8
58ec51eb
5999507d
596dcaa9
7cde7a0e
776042e3
613dfdf2
713e77d8
44b2ad7b
6e89ade1
4309cf67
7811493c
50edc1eb
6634da10
4617d67d
79134806
52bbeb5f
737d8199
798654f6
4e2cf793
4ba1c413
600c1a04
49c3d446
410f08e5
7cff80ae
72d92f8c
710c5a98
69c6d02f
7ba94548
794024c4
41bb838d
4408b619
450b252e
5edc990f
46569a24
75c866e8
58f33095
64204aae
52f646a8
749cdea2
58c4f77c
7680a10a
5ba31364
5ba0a288
61b5ef05
40812edf
7d16cebc
54c85274
40570214
52d5382e
4c18452d
6fbe6479
7ef4957c
41cd78f3
77327eea
44795edb
64670351
4546cab4
6f7c5d42
5ee743ba
75029141
530db04e
47ecba5c
686f6351
4f84d6ee
5535da6e
6745f9f8
601cef03
4bf6510f
71600412
483376e5
50103649
47d10cc4
4229b57f
70d9ead6
5d13d202
44a7969f
538ceb72
51d27c55
57562d9e
496555ce
51bff2a4
7df9fd5b
6de1ba7c
4bf0379a
530d0583
51029c1d
47bfb8ba
4a29a0ba
496f3fde
6557d738
49ee28e8
6616fcf7
494d2124
7a46fba3
6f730f60
491b63be
79e7e8fc
77b68c42
578c5f52
7eb86a1e
605ece56
51ff5f0d
68dab815
45c403da
4a47ebcf
44edc8cd
4ddbdd4d
52404915
7e63481e
564dcecc
7509fd41
574c28b2
641fe4f0
479b8c72
7cc83a52
48110306
4516476e
52cbc0c4
486a191b
65d37980
7fdec985
5c7ddac2
76112d03
7e1d5c62
722ea1f7
4e42b118
4aaa629c
7f07dd16
620eef09
610edc38
7731c287
54dadc4c
53fc86e8
6db017f3
46ef2721
7d73b4fd
570d9c4b
5cd3ba4d
4bb56fa5
6396211b
44bd91a4
4976f9eb
424db5b0
61f25ad8
407fec15
5137c440
5a0048b2
766a51ca
5f236629
4458ccec
7edc852b
7145d59e
67ae0c09
6e341674
625b5fab
66c9b605
59135514
7cf31080
6d94d6cf
6d8bac50
6231d1e6
4d46bbec
4dffc09b
68362932
62fe3c3a
4421af0d
6685f4ba
5e6442f3
721033ea
40cf00c9
77df8404
7d787142
5eae1412
62b4f800
47748968
41d6c079
769ea38c
41cba34a
49d1f0f4
644931d6
72813734
58fac737
74640fa9
65c8dc89
683b8aae
437d1c1c
4d7e67b2
7493efa6
5fc2d1e6
4ceb43a6
4a4bf52d
50dc68de
70feb7c6
5bc9ad34
44f688dd
79e3ee50
47d44a66
5e397e01
425d4831
5fb6f095
6da7b093
5586f28e
5660ba4d
59358ca4
7c68d91e
5cc4ac94
4eed08dc
4f084d8c
590da384
68cb60e0
4f952063
7a0251b8
7959301f
77cf765c
436132b6
63a938b3
559f1804
7721ce36
6ff4ef19
43edce4f
77ff0950
6ad903db
6aa69db2
7125ee00
781264d3
679e6b57
4e53cbdd
63a2ddde
655babe2
5f8a10e7
50efb732
520273a2
601541a2
657f4d4d
681cfb2f
5acb00b2
75fa49e0
4f10f2c0
4c8bf124
7951f036
6d05001b
52a992d5
68c2dc1b
57e3d34a
70c752f4
5968332a
6f4df360
60b24e39
41582d16
44bc3d94
568c58aa
420b2377
5b59364c
50b27f5d
7bf28102
6ca8af6e
70162942
4623c24f
7609e602
4240d0e3
56f1d3d6
6bfbb49c
69dafd12
5143b547
75270685
4557d8b5
6e48b7d6
4abad00d
49b9160f
6cd9c9a3
598027f9
5c8bbc73
4a54fc32
4694caaa
74303fa5
54bc3c95
618f1545
75eec44a
5b9079ab
585529b2
62dbf77d
630f224a
4f5d1964
4fa1d282
566e6a54
607b2d50
41625887
61625b18
5b255f2f
40181757
6ba28f52
4306b8da
75a9f768
456a5332
4259c5a2
5f67946a
69970ba2
413ea0cf
609c480d
51577218
51fceb1f
6550ad9d
54f908f9
424ae27b
5fb70f7f
6acc6379
416869e0
688f5ba8
7df9ee27
459dc0e5
7dcbf3ae
5e5d89da
7c7d8116
448bb34e
7bf67496
6c97ee5e
7ddb653e
444204a5
40109407
79a153fb
54dd8163
46051afd
6849bdf9
5d9eebee
4e29f398
7f786947
70fc6a5d
4893a4d9
6acf4359
7b88918a
4244b84d
5c818457
5712f9b9
53bf2502
63b9f7bd
509903d0
6f75f044
634899bb
6bc6b608
456d811e
5a208063
49511bd0
547d8312
69d17043
49ceee9d
65c0e6b0
5457fe2a
69eb019b
57f69744
5984f2f1
78bf5071
436afddc
6fde41ae
5539ce02
612f71ac
41d4e28f
58aded2b
46438e0e
5c88c2ba
65226414
69540bf0
597e7b38
5fd2c6b8
587af898
63ea8388
680be67f
78cc2a99
7bd52bba
5b6505e0
78267cdc
60cff69f
4df03f55
4341a5cf
4b3bbf8c
70e15ff5
75b5ef05
79f5bd80
4a91aaaf
7f2b07ea
6a10a9fd
4317b9c6
61d7e4ef
4f91c8e8
43679c3e
6040e799
56736a83
50b180f3
5d8bf2be
57f5af26
7290eeb4
6f04f69b
5558b224
56b6597b
6dd1d4dd
4d25c426
49452ccf
48cf72d3
7a231be1
58d423f7
6011bb87
752400a2
52dbed56
7a5509ee
48c3e9b1
5697ba45
44c7c8bd
7ed2bb09
5d88f26e
421596df
5ab0caa3
652cd5f7
57dc2c80
427e12db
5d73e416
76d1d164
7d7d798c
714f15e7
75970550
41904e70
6c3e95e5
5b590c3b
4488bb1a
48648676
4cdc4930
78275cde
6b737703
70a31f12
41b11387
56571426
6643c9e4
579eaf3c
753a9841
61814757
48e566c0
4f14a6fa
436faffe
75ed421b
451bbbab
6004ee0a
65010c04
60738707
4b4e53e2
43dbaafe
57e86e9e
444a33c4
61283349
41fc0a16
74a5a275
71733ea3
5b8c01d1
675dd05f
558bd557
76f72219
5c280f7c
4ddd6a21
63716a77
6cd7948d
403426c0
7090fcc3
7ca1a4c1
4df5ef60
43c95809
4ed242df
5f635657
41979d0b
751fdf71
6ad44817
442e8dc5
415944d7
4debb12f
6301f890
74d89789
6ce21c3b
7ee6a472
568d4e77
4047df82
5f009896
5009779c
504942cb
477c6f0a
76a22415
5c693ff6
44972623
5f22b549
4dc2f8c7
701e3568
55099d70
43c23ea4
6e4b4825
49f36f89
5cb97ca4
430b6a7b
5952d84b
786a159c
4a82cb97
68ed2af8
6551387a
4387c1b0
5ae0e9fa
43bc5044
5e4f63bd
735c24e5
5e21622c
43fc79b6
45f3ef7f
68f049b0
47b437b4
53b1a112
50d932d5
4fa21f8b
43b83425
507caffc
65e63b73
59af6852
7074a460
51fa85e5
4568fe1e
7ad24bc9
73ce1b73
5645fa65
689c10d1
6c6076cb
59b02f7e
4138f85e
7f520256
58a13372
4428eb6a
483cf3ff
4dcd5664
6129ff76
67b30c37
7d983c7f
55c04174
45014747
528c0b60
4e68682d
583744fd
52a28b2d
68584f87
5ea40f26
5d7e0d80
4a274c39
4b189029
43f4835b
4b1be293
6715084f
6e2fae50
707a4dd4
79f70d01
581678cd
4c17f9b4
4e0ec32d
59672488
431c27ff
5958c831
51dbe426
75c2c82a
4f015e38
6ba88ce7
6a670a43
4c172c73
77a76bc9
72f9692b
63a937b0
65a19003
4021b0d2
491783ef
4baf9a19
466b6571
4b88384a
524ba8a9
4969dc5b
79abad8a
52578059
5be85404
4c6a8ae3
538b8f46
40f92188
46044dbc
7c575d0b
4874bc27
4e2d43fb
414f06a6
5312951f
5ce8e78f
4a48687b
425627b5
602e7fdd
64da0367
4628a69e
7ef12d24
6be6bf9a
4ca58a17
5d391894
50ea291c
5190d74a
7a1421ec
7387b30b
72f744cf
7270de08
40ef4c3f
41663753
72b7c9b4
59b2bbbf
443d6136
4ef8c3a9
4a8fbe12
409bdd56
7a689699
50bdcbaf
7350de27
58b1cc79
771639ed
4c3354b1
6ceb05da
41e905bf
62260866
6ddb9766
4189839a
68b25553
6fefb39e
604d763e
59d0a890
52afaed2
5d338877
672e1256
4509ba4f
654b30c2
59ec789f
47aaf972
4a0ffd23
5584ceb3
4821b156
7698e143
520d7f97
51e4fbe4
77004abd
68367724
6a81c695
63f1a0dc
7666820e
675a768d
5c776377
6dde1fea
5ecb8be8
517bc3ce
4f6eaa80
649c5647
6ace56bc
4bbf9852
58448385
44ddc0e4
4c99e52b
6632e912
729e826f
7a376a2d
65ad7c59
46e2eef9
49652a4e
49deb87b
74c7b1f6
746d3178
6c2d0ecf
613adff7
6e4475cc
7d7c2c74
7cf2afe0
6fe1c53b
65991686
6938dba1
5afd0699
733dfd73
63c1ba2c
46224e23
6b79b26a
7c9fd0fc
44657941
722adef4
41e33089
55416912
6fa6f03b
57a4a52b
51a94049
7168764d
4e67db45
40303ef4
7e0bbd4b
788e6c19
7fd0537c
679dac14
7da4913e
4bd7cbc7
6f875a94
7cfefb9f
4ca33f72
6a5ccaae
7986ceff
438fb8f6
46e6cb66
61a7bb89
44ca8c1f
64a0e003
7931cf85
41025a7a
4b0e6c03
44fa531b
6ee7bdbe
509fbc2c
69cc135b
5bdc6852
5b53ff34
5632e1e3
4210375d
4890e99e
526eb1a9
613d3a52
7864da7c
40ca41c3
4087cf08
7c7500ef
4b9a8e55
44e5828d
4088a262
48134702
79a55e92
4e978aa8
5266126e
5d2be001
496a159e
7da29496
7dc9fe91
4b50b63c
6e5dd196
6e5dd196
6e5dd196
6e5dd196
6e5dd196
6e5dd196
6e5dd196
6e5dd196
6e5dd196
6e5dd196
6e5dd196
6e5dd196
6e5dd196
6e5dd196
6e5dd196
6e5dd196
6e5dd196
6e5dd196
6e5dd196
6e5dd196
6e5dd196
6e5dd196
6e5dd196
6e5dd196
6e5dd196
6e5dd196
6e5dd196
6e5dd196
6e5dd196
6e5dd196
6e5dd196
6e5dd196
6e5dd196
6e5dd196
6e5dd196
6e5dd196
6e5dd196
6e5dd196
6e5dd196
6e5dd196
6e5dd196
6e5dd196
6e5dd196
6e5dd196
6e5dd196
6e5dd196
6e5dd196
6e5dd196
6e5dd196
6e5dd196
6e5dd196
6e5dd196
6e5dd196
6e5dd196
6e5dd196
6e5dd196
6e5dd196
6e5dd196
6e5dd196
6e5dd196
6e5dd196
6e5dd196
6e5dd196
6e5dd196
6e5dd196
6e5dd196
6e5dd196
6e5dd196
6e5dd196
6e5dd196
6e5dd196
6e5dd196
6e5dd196
6e5dd196
6e5dd196
6e5dd196
6e5dd196
6e5dd196
6e5dd196
6e5dd196
6e5dd196
6e5dd196
6e5dd196
6e5dd196
6e5dd196
6e5dd196
6e5dd196
6e5dd196
6e5dd196
6e5dd196
6e5dd196
6e5dd196
6e5dd196
6e5dd196
6e5dd196
6e5dd196
6ebb5492
5802067e
52ba9077
74a778f9
54d5d88b
65263177
60add4fc
5c5ca81a
5c9edc57
5e29eee2
44ba15b0
572d25b7
740d2651
6b242641
4c2aa1db
4d17a629
4b2efb97
4e7317da
5cc3bee0
43233ed8
5d5ca493
4608dad6
430ab548
668141d0
584ac7c6
7ab428c5
4e43c680
63e01909
64b1b4db
5f93b67b
586d89b1
5a040de7
7f1b14a4
526166bf
63f7f443
7ea388e9
633ce7e3
602e937c
418ada2f
4a7af655
57fc32be
7ea3b7dc
56caefce
6d1a54b6
7e668dcd
6bf46b07
6584d92c
55e575c3
7f13e6b7
7044e43f
41916008
7f1188c0
4d5e2be8
67102f53
493289a4
535735d2
63ebcd0e
55c5b492
6b11661d
7b7af50f
50c4fd42
4f0522e2
42f4822b
476cc63c
4d05498d
5e0cd766
6b2ef208
54ea8ffd
605afaf6
5481c9e8
5404cdf5
46f8d128
4b58acd5
4c1ce231
4f14a314
759e1922
4637e664
5595cf2c
566970b0
42caf26a
47bfa363
497a9884
57b66dcd
63e8d3d8
4d90bdd5
51bcdd4c
5549cacf
54ee427f
5fccc1bc
53bc568b
7f98b359
44ca7aaf
53ab57dd
5e0fec28
7fa4e7b3
7caf97de
5559afca
68525ba7
4a447b1f
54e47440
45af0d1b
43fe2704
75f53142
7dc7ccd7
7444a7d1
46ac05ba
771371b2
485223cb
4bb34975
432b8036
4f9180fa
6a0d9f58
5e4763a4
6ad9901a
4a9bf628
5cb9bb6b
678e46d9
6657b1bf
76de12b0
599c42d8
41399b71
60592255
6fff4b21
72f62054
6653c003
58e44e5b
407433a9
792a2729
4e9111f2
520f64b1
4f6d7acb
76b9153c
434a2263
5bc020cc
4e763ce2
72223772
453fc7bf
503ffe8b
50cdaa4b
65d72337
54f8fdff
68b53e56
710b475e
56a3353c
60805650
59e6af0e
5b42f4a5
4ea64326
6e854a0a
48f80499
50abaf71
720b3391
76c34845
6102d723
4e119229
492c082d
453493be
682c4480
504aa743
445123c8
6d1a5878
58cf3722
489f7670
4039ee28
64993d21
67bf1a21
5337c380
6e25cf5f
426d83b4
55243b7f
55707652
58e432d0
6898bc78
5ccc6e6a
56a10137
521ba4ef
5121877b
53e9a1e2
4839bb68
60e6f083
697b7f07
55597f96
555a6694
68e29b34
4c8f8eef
419ae238
554c2f08
70628e37
76442c54
6ad45bfb
481dd97b
50de370a
5218fefb
5b41b2e2
7091e1c2
48b11d32
4f2191a9
4dcc722c
4e729d28
460966bf
5aa3e2ee
53b92aa0
569b56c7
71d1f45b
53abf45d
72c2bc61
487e230b
78f12ff0
4e27395d
56ff4ce7
7a35968d
59f6f791
6394cad7
538f7e63
661f642b
68759c06
7dc12b23
5a284128
7b4d6cff
618bcdd7
4f40e59f
75111707
6016e053
57557184
52a2f337
4a79547a
46cf93b8
4009b16e
5deec625
5bac4975
611471b0
541b8899
51f9abf6
7d52e710
52e0b9c5
5cab16f3
40fa0d28
7544d6ff
7688591f
4e3ba19e
4e261dc9
4cdd3b69
547f61ed
5a9b21dc
60b066e8
41c9c103
7b165048
7f90d9e6
5bf36e35
7eb4c1ce
5a5e7fa5
43738883
5276fa8a
54cca6cc
790767bf
47fd9c06
7246cedd
4c230b13
516bcb00
6488cb4d
486f427a
702f9911
5ee6253b
66b3595b
7fd9b6ba
4eca7898
6f4523df
75170472
7ab87a48
599e60f4
61fe78b5
448f2f83
52fd40a6
4b31ddf4
582e526c
556c5e67
488532ec
4bfcfe91
569777d3
485bbc85
65eb37e7
4011333d
7bea1e3f
7e27dbdf
6df2670a
43d301ee
577d646d
49258f2a
684ebc8d
55798463
4bf4b6a1
569434bf
49cda950
67635518
4560645b
63aed3d4
479ea24f
617a0dbb
68d2900a
43cdb063
75794960
79e5f136
5a397aae
70eb7043
4e9316b5
5ef1df83
40262f3b
441a9b6e
5dfae3f5
522e8fa5
657ef164
59f2fb31
6b9870c9
4ce62e8f
5dfb2831
415845c1
5d0a5da9
444f88d1
4ffd9a6b
5767785d
6f032618
7c4a2524
53cae65a
6e2ae6b2
44929696
5d0302aa
546a2705
5274a878
44ddf4bf
5f6346bd
5942aa52
54fb0091
7b2f3a90
681e8024
52143186
5fbe45f5
49069b4c
6c552595
535ca7ea
55656831
6ad6ab8c
45f66801
540940a5
4e86946c
58efb2e0
7fd29230
44640ecf
5d3dca60
509bbd51
649a2c43
54153846
53c89dac
4526daf6
79bf77c7
6c947403
5fa9b734
44df68e7
6f3f82d3
779ed1a2
5b620e13
52182c05
4601c553
71ba4453
4a1ad073
69e85946
7111a1b5
7cc313cf
6c830729
46c3e193
7b22aad1
41c67def
4d75b340
74f08ba3
7b84bc6b
65b1e90b
41b16394
789ecafa
50862fc8
5074ee1f
533f2101
515c3b28
64a15c11
63e65915
4f18f085
54d65fc3
7c42cac4
6eccedde
49b453ac
7fb5bd0f
540c863b
4b825ff5
5a444d57
582024e5
46b083ff
4dd00fb5
7d70c77e
4649f601
73f3a66c
438a3792
75c0cfc8
4a566c10
54de3936
55dece6d
6092dfff
4752e5f0
7950330b
418efcbe
4d212126
43bcc1fc
48df46c4
6b9daa8a
65d18f51
41aee881
5139e1c8
7c6176a5
5d461fc5
6d7ced87
7028cfed
44fcc30e
6fe8134a
48b3a159
630b8723
494168f4
5609c0cf
5894b1c7
6941f553
585649b7
47de9e24
4599d876
5dd6b1f4
5940547e
5364e124
7984fdb0
6480573b
6b8053d4
74971f8f
5c5d973c
63c4d52c
51300202
76672e1a
77937681
62ef86d9
55b2ba35
47326a32
485f4656
720af778
4c7813cd
47b7747d
40dc3fd2
64f57b9b
6b28ad9a
6e316d7b
61099fa7
53ef8ccb
764939a4
7aa0bbda
5169047f
4e09acd1
519203f5
5bbee68c
5bf79205
5a8eb48c
59d100f7
47b6ec56
441f61b0
4a14a0ae
45557f8a
5d5c2d03
53f0de35
485222db
59e9b6aa
66d9667e
4c54522a
6b780190
6dc68446
4b60904d
522628b8
7b9b28cf
41494634
490b4743
7ceac31d
6af5fcb0
48a4090e
5201ad79
6bde885b
6bd40713
55f05592
53404237
5a584e9f
45cecc6c
588598e0
49ce376a
7cdf7661
48db5146
6639bac8
7f4e9241
6ba5885f
4aa83436
6f3b42d8
4bf3c4ae
42be6d50
6620d944
54b1fbad
66f4372d
4c7db438
7b8dac70
7a008def
6298c33a
765d0f19
408816e4
5c5de25a
687bb683
55f7d762
59480d64
6d7796fa
50381893
68007b67
6314a078
4416f5c1
52076d31
690177e9
473ac359
42ff3859
57bb8c03
50bead8f
61fa1dcf
672c0f10
57bd328f
43fe06c7
43085430
477d4947
41689f2b
4ebd8f05
777fcfff
5eb94d13
504a9b5f
7f24b491
40f9e1a7
4d01b1f6
5440ed57
4b2695ea
49ef4b46
6b666e86
4a6b48c1
46476193
5664e8b7
40f9ec9b
496f087d
7976b67e
515d6662
48263de6
6d03a195
427458bd
7b9bdbd8
6f5de6b7
7d1adc78
479f1a80
673402ce
4bbbcbed
7406e8c6
708c23ea
4ee174f7
4832d3e8
6510afd2
79a1aa21
66a76e40
5551433a
56f6555f
5ca899af
48ca04a9
66399cbc
481e75fa
535bfd04
5d73f9d6
78cc9424
47381b34
6a732307
433a69b6
4177b55a
6562412e
46ad0768
5b2a707d
67c87708
5501c356
5f95c75e
57708a0a
4089fd06
57857b7e
598da12b
40325d2b
50bb168e
4b8f8581
66649cf5
77c4a2fd
62020d63
6620eb89
6ecf556a
7b07a180
508fc728
516b7ba0
427d93db
79620771
49b0e77c
5e6caeb2
4920ebef
6f738af1
4692b85b
7bfc8ce7
60cd9efc
4ea386b9
4fe95fec
53777cd2
6190f8c9
5ec60132
7715d982
60b91297
4b1538c4
763bab0b
5a274e07
6a77a5d5
402b402b
7264aac8
67da1c36
4a51afdf
441856c1
7f1c96e7
60c68cc7
505e08e9
4726a503
7e25b0be
74d5ebcb
56188b21
4059ea8e
4b2b2aca
40dd1335
43156fa7
7236bb4d
6cbbc002
4e5dcec4
51175628
4443e27d
402c6a70
6213b873
636520c7
634cb56e
7ab90062
7b0d0288
76176875
5989a546
72961e76
445bd332
637b1c1e
553d3849
6380ed7e
5df6ad53
480707f1
448661cc
435a5b88
50b85e6f
6bfbfb93
6ff1d780
4546bfc7
6fac538b
562a5615
6f88bf9a
7d7a5eb4
44e1e9ed
4375140e
60b8a6aa
6f90583a
550a7a74
474c2678
466bff62
4bd4a0f9
4020d9d7
77216c8e
42226098
574366a3
698cf888
6ade568e
716bb5bf
4bfb4ea9
58d60ee9
7b3847a1
55473524
6382e25e
4ed4c8da
431b5b84
5ea5706e
4c71c933
583e3af6
430ec4f5
41eec488
4c9367c7
46ed9933
6241a6f3
42165751
6675caee
45b026a9
7cf54bf9
4b2efc01
57da011d
73c07119
794395bd
68bb42e2
783dd81a
7292296e
5132df2c
5c83db67
44a36a71
5261c0e1
73cfec6c
736450e4
71b84edb
49226999
69d2fd04
4565f6b1
6d108dbd
4c805b03
55dbd654
6c207908
5484acd1
73a3df2c
464cb7cb
41a6abc7
53b8ab1b
65b42735
52581284
57f92e36
797fee50
649f99f3
6090b5b1
44430f8b
58b72118
44fc8ae7
5381734d
5de584c0
4afbb7c2
61bb0759
68aec0ec
5aad5bee
71320f68
752feee7
453515b2
6976f9c1
5e229259
5f4f0c63
6e558643
609e8d94
4f3b0b33
4ea382cc
72bb1903
57c6c92c
41b38318
421bd8ba
71f62c74
4605afcb
41d2a17a
50e3d788
776b433e
75bc1bb0
54a9bd71
4e7f2e0f
4073736b
5e80fad3
737f5dcb
59e7bf42
4ec81e2d
55cd024a
62845eac
6ea709af
407334a0
42118701
7308e829
7fb5f546
7266a50d
7f5992d7
45514212
4a71b35a
4b4037b6
6136439a
61103eac
57e558cd
6b96caf8
61cd2f82
42548850
5166e5b0
76b3fd05
4d8de34f
5f69692d
51b75569
7099d6e4
468f4845
5a9ac3eb
622e3520
4e399d59
402864ba
7e2234e2
49a62762
45661afe
58d048d2
6b303926
47abb8b8
5fd1129e
59f1c3f6
5862fe14
667172ce
58a12f90
4d41b817
76880948
40ae85c3
5e4c0eb9
57ff6c01
6cf47e4f
52842237
7966e5fb
5e958446
71050c61
6169eedf
56ebe1c4
689f6bdd
56719489
55a4ba7c
445b071e
5b1de149
5c033567
5693982c
6114210f
614dafda
5625f4a3
7933533e
5a430e7b
4220b358
6f2cb18c
6cf09edd
646b0ff6
46fa7c4a
61c6bbc2
6ab421ba
5bd35576
4f3ba346
7b9a03bc
7261496a
47e9e160
43caa700
4345e04f
47fbe9a6
41a6a5e4
493cad5e
5c5e0b74
52512bf8
41e62283
54f2d54c
6defef20
746e5e50
5d9532f4
565f02e7
6d48f6af
58820bc8
5d235c16
50bbc241
4b5bd06d
6775df6b
71b2083c
4e066db4
44dc837f
410abe7f
44de6e8f
4a60e87b
475e8884
73058165
4dd448ee
5e36cc53
6597c752
62a305d9
5b44c007
431c3e29
5f367f31
7f3b3349
4cad88b7
423fb2d3
4c5fe4bc
7eb0a217
40e08737
7ac773c8
48baf4a5
53335996
731e4024
5307b4d4
7440a549
407295ae
42546dd2
4892d31b
4ebd9291
4cd24f44
79269a57
432e9cc7
577806b4
7bbb5f1b
464c13f1
7ec1f4da
6753d371
4db3f86e
4dff2ce4
56e46f68
7906b350
4f2d8d94
49070ac5
7df96d88
61d34513
5b56dfda
60f61660
4cc9b904
50096463
6f3077f9
4a7730d7
4c8325c6
66f200c4
478069d0
43682e06
58f078f1
491617b8
7ad1f613
6452229d
4707b3c2
49a8f516
59de2bdf
5759ab90
5437ed72
52920ac8
4eabc529
4b71fec9
45f6f73a
7cb62a99
6ae4cc45
660bd062
4db09b7a
4eacaa41
57c90724
546b80ad
59b3a88e
4c90d378
6e2c8fd0
4b1ccef0
63f5759d
45b43f81
4164ad7d
47921cba
4c048bb4
61209839
4a85186c
52655aaa
7330bea5
6c0163f7
5c267206
5f9b93d6
5323e795
6bc0842c
44c8eaeb
4b4b577a
6b98bb6d
43ee7cae
47bb2941
5b1cc4c1
440bbeb8
6f1a9898
402b3079
65dd7382
6131a749
799fac22
6bdf0a7b
482f02ba
4e890a0c
4b35d25d
7986a837
5526f844
593658a3
4774147f
48c4e347
5873d341
647ce246
70488cdd
73e58ef8
453f5a2d
47c5d348
77959c5f
5e9bf515
425d27e2
6bb349c2
4a4e075f
52acf070
56f03288
69e192c1
5c679584
549cc3c9
469c9261
7c847339
6a1dcf5e
5ff923f8
4bd033c1
70761d2c
65ee3688
670ab7a9
58e2a6f2
62856c7d
7bbefd4e
495bae51
5c44dfcd
6dd4698b
5a241fae
760252b4
72e9ef0f
6d16d3df
45dd648e
5e7ad417
4a8a9762
63c75af6
4ab4ab57
4ab8ff8b
4c3672aa
56762f61
6909df94
4845fcad
775f2461
75c167a0
56c2fdf5
471c864e
57fbeeac
75a62d1a
4d3b9839
74fe329e
4b8cb267
54d283d1
72feb3de
6e2c8213
714d3d2d
48cd35d3
7b1e583d
4bbaf6c1
504d615c
59572aa6
6bef1a72
4575be0e
74251662
49789df1
7288f6b1
419abc80
566a9671
42b02315
4bbe7510
5ccce876
7cf6a651
4caddd18
4f72f0ab
4f9cfa53
5a5d731e
684ff55a
42ac51dd
4976e85a
4ff204e4
69b590ca
78d9c2ee
600ff1c4
663c270a
5d199532
57b6f9f6
529ffa37
73c97c1a
738a1bf0
40658bd5
529baaeb
6812b636
4af4ae61
451a8fb3
682e39d4
64d7ebd5
65faf457
66fe8d07
4bb34d73
48caa476
55d6caa7
46bbf08a
5c992ef8
727c33fa
5d16354c
60fff162
6067987d
717ce91d
7d797b92
5dd83f0e
4789585e
51af86d3
60d384f6
5a95a0b3
433aa786
69fa5bcd
6776d0c7
4e88369d
4280c620
50a8a83e
4d39e885
53edac4e
48072c3f
746864b6
7d882083
5bab8752
4ba1e80b
67a5e2ad
41d3b3b5
5b4a99be
4ad996af
7601f9e9
5034b8b0
514b00ef
5ed95fe3
6071ba23
44bcbb60
5917caf9
5ddfd1cb
4fda2f2b
4d9703e6
62efadad
48c85e27
6204ccdd
5ebfd416
4b2df783
522189d7
5bf888eb
78c5dcd7
584ab0a8
6bc6fdd0
5b34b6ee
6433d149
40f64c1a
6ef91a64
4ccd7e76
43fe438d
437ee0d6
7c14254e
4fd5e545
59e4aae9
40683aa2
688cca88
648143b8
6aea5b6b
5de13dcc
78a9f71b
7879b121
4fd79576
45a2aa83
440bd2d5
5cab38b7
76b3f01f
6de56b4e
7f15a787
60f88f92
430626c1
576c7097
73ec8773
43a126a9
66652970
4feacdef
7e11b39d
782513e2
756ceaf2
4b925fdf
471ecc66
6f511c6f
4bfe0f44
7a43de6a
503bb530
772b62c7
40559674
4a78faea
457111ff
4092fd52
6fb38e41
78a8da04
6f6e0d55
77ec01fa
53ec4ecd
5eccf4f8
48818159
46867d8c
61ebe610
413e849f
618aec18
5dd114e8
7de83149
46d2f1e6
418441c6
43b5c931
634f7904
4331511d
4f693822
793dd0e2
79dac382
65fc28b1
79e06ff7
4279a897
4e417a64
49ad909c
48d98a7f
6d70308d
7eca74a5
41c0bc30
571485bb
616c4ae7
738a95ab
49badb8e
6966ce15
5987ddf9
485955d4
4c04b7aa
4bdfef7c
6e653cd9
6595b534
67b0e4a2
7ebb1490
412efead
75cf721a
42b56cef
78f59cd7
5bed73d6
418f9e20
7d259fb5
71dd98e9
57cc9e1e
6c438c42
5178f05d
522b7934
415d1de6
4aad9d5c
6d6aba7a
679bae1a
40d159f0
7a6c5186
6e76d6e7
58b38a6b
533fa6bb
70db5acc
422da159
574e9656
7cb21d83
7076be27
4d862115
4bd8affe
52f60cbd
6c3bf15a
6c3bf15a
6c3bf15a
6c3bf15a
6c3bf15a
6c3bf15a
6c3bf15a
6c3bf15a
6c3bf15a
6c3bf15a
6c3bf15a
6c3bf15a
6c3bf15a
6c3bf15a
6c3bf15a
6c3bf15a
6c3bf15a
6c3bf15a
6c3bf15a
6c3bf15a
6c3bf15a
6c3bf15a
6c3bf15a
6c3bf15a
6c3bf15a
6c3bf15a
6c3bf15a
6c3bf15a
6c3bf15a
6c3bf15a
6c3bf15a
6c3bf15a
6c3bf15a
6c3bf15a
6c3bf15a
6c3bf15a
6c3bf15a
6c3bf15a
6c3bf15a
6c3bf15a
6c3bf15a
6c3bf15a
6c3bf15a
6c3bf15a
6c3bf15a
6c3bf15a
6c3bf15a
6c3bf15a
6c3bf15a
6c3bf15a
6c3bf15a
6c3bf15a
6c3bf15a
6c3bf15a
6c3bf15a
6c3bf15a
6c3bf15a
6c3bf15a
6c3bf15a
6c3bf15a
6c3bf15a
6c3bf15a
6c3bf15a
6c3bf15a
6c3bf15a
6c3bf15a
6c3bf15a
6c3bf15a
6c3bf15a
6c3bf15a
6c3bf15a
6c3bf15a
6c3bf15a
6c3bf15a
6c3bf15a
6c3bf15a
6c3bf15a
6c3bf15a
6c3bf15a
6c3bf15a
6c3bf15a
6c3bf15a
6c3bf15a
6c3bf15a
6c3bf15a
6c3bf15a
6c3bf15a
6c3bf15a
6c3bf15a
6c3bf15a
6c3bf15a
6c3bf15a
6c3bf15a
6c3bf15a
6c3bf15a
6c3bf15a
623f6cdd
6f38ae88
42267a70
404fd152
4e74dc47
7aa8852a
51b595e6
78ba89e9
6e713fcd
61f11dbd
4c73e016
4104475e
5fb056ad
7fb8657c
66c1ce72
7587d1bc
73fd4f4e
69858337
678d7ce8
7c912dbc
5047918c
7e880adf
43a27ef7
5f012d46
4616973e
69be4124
63949d04
68c79fe8
7fa5c88e
724a6598
68c5f3ed
41faead3
730f1bbf
4f9abacf
4b8bd80e
5f229ce1
6241d89c
55fcecec
4289e63d
606c2a50
656cd445
45352ea0
690dd5cd
4e8728e2
6d8fc0a4
5eee699c
546069c4
57ea945b
5e75e44e
5fee9275
6e4a23fc
7aeadbd9
49356d10
56117924
44488472
652c0601
4aff4a4a
5781c3c7
4c90175d
517879c4
4e077036
47b293c8
6230157b
7f0e353b
43f8077c
57164bc3
5b6df12e
638e6a2f
5276b2b1
7b8d49de
57a305a9
69e94f38
6826228b
4738ad6d
56c3b17a
639f7489
5e329b0e
4f3ea733
526f7a3f
4ec7c734
558b07a9
442f7769
41f84c47
6706acd0
786cddfa
65c6eb93
57a5a61c
59abd3a5
5a877caf
532163d9
44c399b1
45751570
43c98531
5904d02c
44c743e2
6c5ff443
75786238
45b27627
6ca5d512
51e81634
4c7b510b
6ae0c3e7
4927d978
502747f1
690f4800
45edffb5
5fc5afff
5110badd
48e29580
67d352ec
5f343e5b
6e72129d
706041ef
46be5147
5e3b9e97
4c71d620
7d89ebfb
42d2bd8a
4e45d7d0
5fc9a242
6ed7e0f5
586f1032
76ec30a1
4b69b04f
609319ad
422b7765
79dead39
43bb1f6b
5b87b423
7b8886b2
4beeba63
471be326
43c9e195
5715fa7c
6c581d12
62174d57
615a9cbb
4047eb86
6190bad7
4b58283b
6252acfc
6adec748
4d04ad44
534d2a12
71b85021
6d8fc5b8
5b0fc73a
7dcd4a2f
4a25a8fd
7d3d14c4
4d51491b
4fafacf2
4bd767ef
5aee92ad
634f61f0
5c0d69a9
6f471911
48fb15e3
42fafb3a
76ac8e14
4a8ec993
701575f3
5b53c4d0
64d40b12
6031c437
613762ab
6bd754a1
60f7f2ea
6084e8ed
68f8892f
731fb288
4b90a143
4e1d7785
6c80d274
6e8f4ca6
5cdb7544
5a5ad795
5b2f3ea7
5938d473
4a023f4d
6402f3b5
7f1b9288
6d91c76c
55497160
6377aa19
685c0b51
63aad71e
6056f3ea
7c0e3cdb
4aeda87f
57256e72
63c29f5c
70300da1
4d5af5de
4d9910f3
508c2f26
59c00510
40fce5a6
4113d7e6
6ac07e1c
4f2b97f8
4b600616
75ffb990
5773d8e0
4a99bbc4
54d717ea
5b240740
48eb663d
6613b943
6a395b78
467f523c
6018e7c1
5a516631
48e95ed2
4eeb7eff
657815d5
4b13b344
739068e7
6c3fceda
5bae729c
421eef72
4031b774
48f2fe3f
70643947
770d7b67
48a6a0a2
7febd673
4c23f94d
5400ed5e
602d0395
559776d8
46379a95
45c2a1f1
6cc744ac
5daa1c71
44a18ed6
44ba9e69
55442fd8
72d6eb6c
4b411a0a
683e8516
485ea97c
676b819b
4ffef786
61314386
504854ce
40c642d3
68e616cc
45478da5
46010a7e
51d37465
7c2f5fa0
4084165e
4fb7631d
503cad53
7e64dec7
55771479
6d82e1b3
52049c89
7330808e
5bc36982
690a53ef
45771b96
7380c921
6a7d1fe7
570d96f7
5867befd
5496fad0
65e95889
7d1bb097
7aeb86a9
580c7bf9
6127f13f
49cadd58
47f77091
554629ed
7dbe9742
5a20f95f
6c600d06
528394ce
46fb0dd9
4a576a7a
6d0bd44e
4fb975a5
7b7ef305
5168cd4b
7aeb1275
4331b773
6e4ff464
69028972
5b9f7eeb
6942727a
5fb670bd
69d0cb06
4d83f3f4
49ff3c1c
57a93181
6de3318d
491a486a
422e8e96
6da123e3
4517e5ac
694389df
65b71c2d
65777d6f
41bf0fac
660a2dd7
6c93ec7a
53ea2c03
69e7db1e
7183a10a
68ac86b1
494db0ce
5606f7fa
4a76d9f7
53a07e68
700b8778
59fb87a2
52719741
45bff059
67bf7f7c
5522f8c1
49235a8f
4e5a4f13
5d8eeda3
6aa02870
44393a14
75f3d38a
79f67577
78e64926
50f4d623
635e6b38
5d12d9c3
61a6fd33
701e3773
573b44db
4b59469c
5c955a0a
5a787ba8
7f4a9382
5d725810
6b9464ea
42706c4e
6b922f24
5f4c0698
5efeba8b
57b39efc
64847aa5
7b688bd4
63fd69c8
7a8a0562
678ada8d
49950472
52cbb9fd
5e1c43bd
40f22f26
748dea51
7e245dfb
66f892ec
52fe5f1f
4ea7231d
5bf1012c
5f0b14c5
6238bd94
569c4abc
4b110394
6efb8c0c
7bb85568
6ff20917
621e0e68
778846fe
58341a98
51cb38e1
6d644558
44566faa
555b3e08
6c00c228
7609216e
6fa05409
6211d163
48d01efd
782da064
654801e9
5e72cb35
52fe4f3f
734b1655
659d5054
64775cd7
532ba39b
6d19d2e5
666db217
51fd85bf
54007a6f
61e2eee5
502ed803
48d6bf08
421cbf64
442ddc42
5c88ce48
531774bb
573dca00
46ebb349
5e9b425c
6d57ea7c
55e7bce0
574fd1b6
7d1c7c6c
64bf2f7b
4dff270b
5b318aa6
561acb6b
745fdfb8
51444dcc
6c242621
47c97114
48e40014
7aa42cab
6f43a343
77ed787e
55253256
79025c8d
586fd8da
625b4e1a
55b525b7
5637d3ec
5199b5ef
5430bacf
4b2dc63c
5093856f
76820741
544f282c
4280bed4
5393f161
53e5ef75
7724a074
4ad1b342
4faf872a
7e5d27f9
4ce74583
7c2db260
70965171
5eaeeb41
5f9b4703
6f6b6bcb
5a29c1db
5dc4f586
712f72e7
50dc0240
571588d3
6beba159
6ca89400
7b4c7541
671bf08b
51a59e80
72ebcea3
427c3c1b
703382cc
7662e260
4492e6b5
6f32fde0
465b165e
54b5f7af
48fe3ca3
418b985c
54c11a22
5a0bb502
473bc1c2
4642e742
5e9ae461
4c156345
4658333e
60825ccc
73565373
542c61ad
54627274
71774f11
6a1bbc79
4014c808
4dcaba4f
763ce81d
54e8f79e
4a559076
5316565a
564f41fe
681177d9
52ab0b6c
6287e5de
56be26ec
64e92be1
6971367e
67a719c4
43d280cb
5de7762c
5ff8bab9
50a07440
69913e0f
4d5c1e16
6c145104
796ac1d1
69e71c9f
479a252d
5a529e9b
6cbabb75
58f3aef6
606ce275
49934a7f
53932260
4ff5212c
582e610c
44d8aec0
4ce8e610
53da55a1
53cdadef
5008bdaf
4c8d6efa
602f68fa
4321602a
6ff7a4ca
5f303868
5fd6fd04
642e8c35
5b350770
618be02d
49e8b344
40de817d
4a2240d6
7ba560d9
6f012d77
4f5dbbe2
425a8a25
5d53f251
4b72a5e0
484f2d96
7c41f592
6d4ce211
5bcb5c00
5e97d7fc
4bd4b0f1
443565fa
4f2c3e05
7b6efa59
4ed0a21a
4b6ac529
6435d0b7
521a6c99
5942fc15
734ff05d
56d0ada1
59b25f5f
53b8ac3e
688ef138
66718b96
5f784105
5376f121
41b4e85c
49d15ac9
483d2aa4
67be8038
4312fa13
516f1d54
6415fa0b
5ab2411a
656594d7
43db8917
62157fb5
450bcbe5
60ddb380
5b1d1877
64dd0d57
458d7c6d
5c028b28
549f3e95
6f040adf
48b4c552
7d1085e3
65224c3a
4b309e04
6cc01acb
41b21730
498689c6
61b57c0e
75309060
6c23a229
4930bb29
594ca354
45a1c735
4bdd6586
70a960fb
597da6e4
7e5515d3
4723dcf1
6bf05380
5875e4e4
4844ff41
734e9f4a
58933ac8
7362f823
4d114580
428e27c0
4c877796
4ef5d974
4ec15768
7707f3cb
53ba8966
590e8744
4f9423e8
780ab3cc
71d4baa4
4705775b
465d3b1e
420a9453
58a4b84e
5a7023ad
46f84d60
6f16ad57
45bd02ce
4b64a153
73cb9d8b
5ec34e4f
53b9cd1b
43fcc8a1
5fd2633c
425a1583
6ec14ee7
6e0e8a76
64855d90
7d0c0b39
4c8ef17b
6dd2a4bc
78b8d205
770daca0
641d6fb8
42595192
4a9919e8
640fe539
5ec7b69d
432c278a
5adca588
5a02e412
7124f537
52891206
75039383
4975e8f5
4af0717f
41ccfb03
730653e4
5bd998ac
498a8b5f
58de0e1a
790f91bc
68071f86
45e34b8a
4cb5d15c
44f63317
6f72e399
795f0dd3
42a2cdcf
5bd5dca3
658ffb9d
5641e2af
6b8a1d9d
7e4d8fea
422b3cff
6f2275ae
7adf8d1c
6abe0710
41d2e6d4
55d65bc4
54659b22
6bbcf072
77b27665
54f4cb31
6c7d7c91
5df5b155
799e5087
6e680114
43c7e09b
77887c30
56679619
628f73c7
71723351
6e36f40b
45a25e5a
4850401c
491390fa
4d726673
4306a606
795e7367
41616bb8
4960d8e9
6daf3698
7397bf63
50fa14f4
624828c7
70d9a89d
5e7d8bec
476b0613
4d7364a9
405cef06
6d3afe06
4980e155
5e28ec53
507ac624
72bfd079
65c313a5
782ddeed
78c29247
4d7a0d80
540b2c7e
7e662e1b
55f6f6f7
774dad71
4006e27f
7304e580
5eb307d0
7a70674a
569ad977
4c963e36
5f08a42a
74f0eb56
62fa7738
5c69faaa
76964956
5403a293
7189c115
6949501f
4483c56b
5de0ef98
7073a5b7
62fce6bc
410e901a
4fe2c9d8
4f7ddaa6
41c3c527
68e1c8fb
62e508d9
69108d1a
58e8c08d
6933b60b
49081e97
6f749c49
5bb2f256
40988be8
504a394f
7cd8fe1e
61b5eb80
7465f26a
5a9ae176
6c3eadae
40253754
5b12dcfd
51064345
543583f0
6eeb8c20
767a69d9
760e86c9
7d44e074
5b4c0a5b
44aed00d
4a5d8509
7918e7a5
650ced20
579cf7c3
75f5fe73
5b129b11
40fc096f
505baa17
555d6950
42036630
4eb41b37
5e10d714
660ac270
401f3ec3
68bbd403
5f846360
436d713c
4789d949
4fd626fb
48362b27
5a85d8b4
77d52f2a
4f57d1a6
53e3101e
48071800
5cef288c
6fab7e8e
4334816b
781be707
4dd442f6
4b70760c
54f04e21
6662ccd9
5dd24d64
58c892fb
4f88019c
4621e770
49b598ec
4ce2f076
7ffdbdde
49faa8d9
46ec9d13
43bebe6a
544c7518
61082ee2
666eed53
5e3e5654
4d35ef68
4c86c064
6e943088
6c8b3724
5365d90d
6be79a33
458fdb54
7a4399c6
4e7bea9b
5badb958
49f04c5a
5e1140b2
5dcd9725
40ed6451
49b949aa
5bda1e56
473580b6
407fde0e
4942e899
5cb8f630
5912936d
4e7e2e6b
533aa02a
65a6ea96
4f6cb029
675aa139
70d3b1df
6f6dfd48
4d69a752
635b9770
71fffbe8
4f65e7a2
7b43e758
5d2a7a68
43865442
72e5f584
69287dee
699b2181
7ac584e6
7a680108
4e89ab5e
72513f40
603c959f
42747120
5b7e4c3b
507bcae9
4b6bc0e5
4b0eebd7
6478060e
637ea913
4770749b
795090c5
4a79ed77
70e5ae24
6722e758
40b0785d
470ba05c
61c7bd85
602d51b6
40548f51
7451b30f
68f7ee2f
4a98b735
7e24dcc3
78a6cad3
529e077a
7394db53
6c23012e
5e97a2b2
537f26c9
70698495
4bbfe104
4a528046
7bc16ba0
4ae9323d
55a3b100
44fce2d9
4de7fa78
7cc539de
4f4d026d
641e0b99
4c1eb90e
6bbb866d
6ed82461
4dfeff4b
5a1a8cc9
45e4f0ec
63331172
6b96b073
64ebc89f
69b1d91e
52087c85
405d7a26
675f9561
42457a04
4f645246
77497c7f
52d094bf
510a8154
521eb6d8
5e9ba21c
543da95f
40f37548
63b58ccc
4e0a2131
6a28692a
5ac34b0c
5b4c059f
59222ebf
5620d6f3
68e9d201
6bb7a36b
405c844f
562e4739
59150294
58e027aa
46cfa3b1
69d47864
4cd87e1c
515e8a24
77fb0e48
4072934c
5b339322
6ec45a4d
6ebab215
543b98e9
6c9ec57d
75d0d111
7d542aeb
55cb71f5
43fcc32b
50863f16
50ad7949
5df84f78
5d913b6b
79917b68
42e3c532
6fa3987f
54dda8de
4cb48f0a
4654d6ad
5c245624
4a1aaf16
7b92c045
4404b6b4
48a1b5b7
65660c55
7a917f69
4733f073
4d139e12
5b1a556d
4a7cc123
5977591a
4864bca6
74e80e58
5302c40c
7b93f5d8
5193c87c
67214023
4ad61987
54dba29b
5444bc8f
5357585a
4c642ef5
436b20ad
5048b055
5cc9dcef
6ee3d1c5
5cec708d
4a126b6c
4111fd78
649e6bed
438277cf
52bafaab
71b53d59
6558caad
576c7b52
72ff74c8
5a07e3e2
5b39e8f0
41e0a798
75bbf001
621fef45
5fef804f
4a8d33b4
7bc4aa02
4c743615
4c9aacb5
6c62dc1f
5a37e999
5675c0d7
5cd67883
530f17e1
565145eb
72f09edd
5b3ffb5c
52b8fb54
4af00955
4f0ec93a
478b2ba1
73406b13
5a6b6910
6cc2d26d
7755ab8b
599c27cb
7cd4be9b
5076740e
5f81e604
5f407844
598bd25d
56cc191f
5e9860d0
667fd129
43a905be
43228756
675ca435
4d06f734
412450c9
4d5c63d8
7e7f70ea
47245bb0
43158453
514e6de5
58006bd2
4617d3c7
6d2554a7
7c3602e3
60edaf37
696ad296
651e87c9
592e53f5
4e338e16
59dc3616
5f19fb16
75bd64f3
47cb5d41
736597bb
5c7157c9
592ebaaa
5acb25d1
561674fd
7ae3853d
7d9218ba
58deccf1
40036348
71938670
6e3da0e4
7a175761
70d1efb7
569edb6e
54bdb2a8
5f4bbfad
450e07df
7f2323b5
7d113e06
6e42471c
43a8bd44
4d6e2ddb
67adeb31
679eaa32
7578f48b
524f47af
514b49bb
58b4c8e6
54715088
497864db
5ffd0b88
5d84be6f
4ad9dc1e
57d845fa
554e462e
7ad743fc
5ea4b217
6135e294
5f407b2e
43214102
6e8ebc2c
42233227
4fc69065
746ac0b2
5fbb2139
6ed386e7
795ac7c1
622392e7
697503be
59384d65
603dc6d3
4f38975e
5293dab1
7ac911f4
5b2c5f88
6b64473d
5dd9a27f
6d8fbac1
4b914954
47da2fe5
44b05e7d
734f432f
7954a8f3
67a6218a
5983635d
44fc357d
765a6d15
5d47f9d1
5b6e2ae2
6d0790c5
529fb199
7c4f1ce8
508696dc
651b7690
581d819c
6e755092
440b242e
7dc3fa74
4889ca59
584620bc
5736a51a
72d0d45b
478d5194
7b4e5a0f
52c12295
448ca9b1
6c05c354
70e0f7e5
7d0d0686
73ca2cf8
7a3985c0
510523ea
6e94dde4
4192a5e9
4419c2be
615a9368
4b997723
51f42e98
596e45d8
6290ce80
514e0274
416ab59b
5795df1c
74e9cd96
7e754595
54767ddf
5cc567e2
58e3b22b
5fa52e48
4a5ab0a2
7ecb3102
4afe8211
4125bb3e
6bb3bedf
6982682a
46ccdfdf
7ae6022a
7611abf5
4ed65cb5
590e238b
6d3dbcdf
448441d2
4441231d
41081430
684c49e8
46a3a333
56a76a1f
605d4b8e
7170adf3
5f64a7ab
4fb73452
58e7c591
6cf7b8d3
74bac434
6429f406
7f508cf4
47ee1193
593f4647
78eccfb9
7e5dffec
401ee8d7
44b7e83e
56bd59e5
5b7be7b2
63ad2f0b
470cb06d
72fa23f3
66c742eb
61b662a3
4dea9c09
6a455eb2
5812ac36
534dad0e
572246d7
7abe3102
5f2f29db
79ac9333
773fc785
748f5213
51d1131d
66e93c9e
58e84d91
7bd05bed
4943a038
60108f9a
7c8d0461
67645527
722ca915
62cb3796
5c830648
6993d995
43840283
67763ba7
4ab804da
56ed32dc
4330684e
534fa00e
4b3e0fa6
45749d7a
649f1a01
5e7af7a5
60d79712
5764f69a
5c10f42a
52f5a8f3
7670f492
58aa8b1a
7633b16a
594b6942
49fe7149
622480f3
7df6e012
57110164
6471bd90
5a1fdaeb
4aa7ae2a
59f148a6
4825cb7e
6c2c94a7
553bf982
4e114425
654729bf
61919eb2
71cfa5c8
7e4c823c
731526db
65e69be0
62a236bc
7534b640
50fbfe5c
48afc88f
6569ac76
6a92c5ec
6d043235
40bbab0f
4d8dd699
519c7a59
61308d02
50689521
6dfcf33d
6eb4b58d
52296800
53fdd05e
58c2295d
5f6cefe6
63dc36e7
515ce208
52966801
46bc2fb6
5eb95589
755fc9cc
6e3f284b
6ed6f133
5e80fd1f
687348ee
606aad90
5dd79757
6535f52b
4b48f18d
584505cc
7416052b
45e690ea
4ac0a60b
52c25a77
674c3819
4edd0e7a
57ba9c58
52e2458e
6497c6ac
63300a75
6eaf293f
4334f4fa
6de303e8
58c45cc7
431e92ae
5cddafd1
47e28982
62adb92d
4e171267
6b4586ff
56c08bec
54d22049
70cb4ee2
629894e4
67aa3463
4e8e95b9
4f0fcdcf
77476063
5e94bf9c
4cb00b2e
753b0322
558baed5
7bec3430
47988f36
6cf24e16
42db7f50
57c68ee1
547e1ba3
4aacea8c
4cbdf6f5
4b2e3226
59368ec2
41dad676
7d84e039
4724a274
71e3809b
4bcd9733
53daef85
5ec6d642
710e435c
4a7cf11c
44f2d163
69afab81
7b798d5a
545f903a
6de96ac5
74c64c81
444298d0
6c10930a
4a9cb84b
478dbf18
633714a2
5dfbf105
48bd0ec5
408c79af
4747f57e
5cbf3b3a
521b555c
5da335ff
6480160a
4f3dbb1b
4c3399e4
7741de72
50a22f18
41b443f8
4592b943
453f3f64
7d7bbe5a
5b26a6df
7bdb01ee
53a2ff12
432213ea
7daa098c
79082ad2
542e32fa
5ad47727
59c04c3f
75ea19e0
470e8551
63fca6f5
56feafdb
47b8ecf4
504452c8
63c64d11
7b715fa5
53d5e67a
422205d9
4e50479f
6e699fc3
55a41aa3
6262f1e4
5d2e9c20
56aa43cb
47f34332
752a4fc0
42ca8963
5b32f66e
7644aa9d
6c664f2e
789c8374
4488bc12
4d4c3bcc
786ce94f
7e37fe50
563fbae1
71883adc
6f636e14
6bf06f61
68df85f6
5f7fd31a
46184293
55a182f2
637a658e
770d1188
78d50d48
50ab9fe9
4437c39f
57e9bdd4
63341e34
66d5efff
57462f99
50706111
58db8c1d
4f0b8e58
5196badb
4657d52c
696b521e
4a8f9788
66bb6d10
6d5e2200
727367d8
7301e874
4b313b2f
5d16e161
578390d9
42396c03
69b69198
6b7a0ba1
7c337798
5e331437
4903e8bb
6457320f
53aa6fe0
4eb0a241
4092f219
7ace93f4
6352c8a0
769f61b3
5cff544f
4149756b
6c39036d
759623aa
6c3d81c1
79676dc4
66575f1a
7a9a1cc0
5ff1732a
601cfbcf
4eee445a
60a8f483
67b42b06
5b71ac44
471e2d23
7c7cb28c
6aa9aed4
5b91a120
7f7c96d2
6403ff84
6bf2f7d9
7d49c96b
7d62c624
7f4cd9b7
51075f75
7fd877a2
4eb96957
561cee0b
4877da99
60d6e7be
758fc337
6af9941a
4a520419
6ceebdb8
406e809a
53c1e5d4
4155796a
403777e9
44cfcb51
45f8b01d
40d11f31
621e3936
75e39eec
533fe9c8
5bf780db
506b960d
45017783
47db0a24
4c609fb9
6116f97f
507af9ec
5ab4661a
6e13eaf4
7aca9e16
514e9ca9
40eefc5c
614b2372
708d0b8c
66c42e83
6e77613b
4b6343db
6ac22b8d
51d0a7ee
52c64bf1
4b61b37f
763627bc
79f5b56c
5c939e48
5de877b4
7a13fae8
51a281f4
7d8de557
6a74d582
4aedc74d
5bb2479c
6ea098aa
4ac0b903
75d3ad84
5fb7c02b
606da15f
4d1b8d5a
5855e0b0
659742a7
6dac1e63
47da8510
5415dd2a
733b5859
699d9f96
4c31e2a0
7a339fb2
5a754ac4
40e53aa0
67fe45d8
47394bb4
7cdc8a5c
50005e55
4aa1cdbe
482d4178
58ad7e62
713b2fd0
6a2ff79c
5eca26e8
5017e382
55d59657
51535874
606dc726
422d3c50
751df8dc
4eb05aa4
77ac986b
59c73d0d
711accff
7ff647d5
67ff64dd
47737e6b
67cc1010
74d65749
76348af8
68ad6b3f
6fae0a98
60fcd39a
4ec5f92f
6f2cc0bc
4615e53e
4867a194
4ea4dc48
69b106db
7603673c
4f84eeb9
4ccaba1d
70016bef
6690359e
5f83a723
53005dab
77d3711d
6382ad34
777ec827
48c51c57
795aa3d8
426d4ee9
704fb2c1
56f6b696
40ca00b6
5eae3f09
7f3f3a15
6a2cb902
7fca6195
54627ad0
510b5794
457cd514
62c39db9
4551d9b0
44ce8293
6d053afe
5cc41f9e
4c59da56
4595dd15
4a924266
5d32c1ec
4e566468
4601fed0
5a595b90
73d511f5
48d39995
4c0be427
7486bd02
7c4be124
750cd815
4f43a403
5fb60cd9
472ed6f0
78b2ea2c
42e5061e
468d0119
6d1b7da0
408356f7
470320e6
509ac7e0
70bcd3ed
55f603de
53b8d3be
45ce082d
744b4a49
73d06b07
6dd92f7f
54362b1e
67db6666
44674e89
5aec8d40
53bf1921
752785df
77860092
77e599ca
46b45dbe
4989c4a6
58f02473
617043bf
5db3a5b7
71f88414
5daec274
4373d715
628d1e0e
559fe47d
41867f43
55aed161
458a58ce
4f225d62
4666ba73
45ebdedc
4da71275
6dffa3d1
4b23ba90
74aafce1
5916aec3
44c822b0
55375561
5392ee16
706bc33a
4c9ecad8
73253dc0
691fd6df
468b6f54
6a2e92ac
64765013
7dd00c87
422cfb2f
6c6dc751
54baf3dc
7847abb0
7dafc165
5a16c036
41fd21e2
52d71af5
6d0c3834
4939f9e1
402e2bbf
5009ea37
70d114dc
5d73ea3c
4986d4fd
6e8334bc
5d72d830
74df7928
7f119e41
61211da0
46c11557
6220e896
621c47dd
78eb1c99
42205481
737bf562
65818eae
66e1fd94
79788857
548079d0
4e9f9bfa
536b0116
68451094
510758b1
47830812
743a3cae
4de92438
41a87349
6ca0ac78
526cfb7d
79909cbe
556cdbd0
6e02e930
578c9c2a
6834bc7e
79a5906d
52ee3860
437a52e1
4ab0319c
42d88b6c
555ff914
432ac07f
5a975e15
7ada568a
5a8465e5
556e4db8
66c0defd
7fe1e753
6c7303ac
6c25bcdc
7a5a7fb8
43e7dd80
761637f3
46cadf88
78d9c640
70ef6750
4014b026
4070de38
71ed3003
425968c4
5ed6311c
6e2b39ff
466e4188
613b9307
4786a327
4c806537
54ce020a
47d58ee9
70d98249
73da306e
461284ce
7faafc84
6eceb59f
70db863e
5c9ebf09
41a6015f
41a626df
47a9e547
6957fa12
5f8f9ac8
54db4d17
579c202d
707ed70b
58fcd19d
7cd5a0e3
52a33c91
73893498
50e34dd3
46013b6d
6ed0495d
48017d0d
7699cbaf
7e2df932
50ecf707
6fa9045e
453a38e2
4416a507
517ac965
598bc541
6ee8cf1b
66f7f145
42f2f1e1
75a3108c
7e7bd32f
799f7c1a
4689d63b
44713eca
7b945243
68d31fd9
5b87de8c
793f0154
65c75607
6b94740f
711416d6
479246ba
60e21576
40f77166
51b40e6f
4b26a374
4207b7ec
491c6060
58e37115
48e54996
4e35fa42
517bc846
45f8b0ad
619531dc
642f260b
41b6ac4c
6984a2dc
4f5470c5
6b9321bb
78d6c099
6438c368
73e8fedf
593c6750
424aa117
70cb4041
6e2bcf6d
40fd1583
47ee9b6c
5db92c82
4309d4f0
6912d3ff
4c7a74fa
4719fa17
447b1956
65f7237c
5878edcf
5eb0fda3
5d48b7de
57e7b28b
4bd85c0a
584b4352
520b2cb1
509f2d64
5ebc789c
6eec802e
626e4172
78752c72
50359421
4612378d
40538741
4901250e
55694ed4
4659cbe0
4d8bd8d3
78f74d25
40126e73
5d4ec8cf
4d9133a2
5f90c091
505320a9
4f84aa7e
688fe2a9
669ed814
666c073a
567e1b01
5c2e0238
4377ff22
661220c8
50248efb
7db84a74
6167efb1
7e246e71
441be042
7e5d9b3b
6a040193
428b79e5
67c5a455
6582c8c4
40c8ff04
4c13a8fb
48e4260e
749b1d84
6316eb55
59561c6d
505fb7d5
4ae780ca
5184d155
78431e23
6af1b828
5c3eda41
53a7ce99
7c5ca451
5d767a9a
65160b67
7851a467
46c571d5
5896524d
4d81ee36
5d27713d
5d2aa1bf
7f751d8e
767db07f
6cb6a65c
46a59c45
468234ee
45a609fb
4b9b5352
45a6bc2b
791f62be
4ec18984
4b8a35ed
744d7013
4ef6231d
5a66a57c
7395f4ee
68efdc4e
5214198f
7e6c66da
7413690f
40cc9868
73cd8f1b
654bc254
6a303a26
489bda30
47d4c358
74e6f02b
62f687f3
70fbca0c
64a97df8
588b8e07
417737de
755ddcf1
591cbd73
4965e262
5c9eea74
432d338a
62feb6ca
61b642ea
7ee56880
748ce11f
62313d3d
4af84004
5b20970e
422e0043
74894b1d
505899eb
4b435da8
45e13d43
5ad693ec
47c4725c
7e7ca583
4cd8f4d2
47bb472f
4d210c3f
489ea532
6396e009
6fcb70c8
56705d7c
4631122f
539a0029
7c1cad10
5f547e56
78e62358
4a030453
61f96d7e
786b6cb0
49d79b42
5010d7a3
792387fa
7e4f42a4
71eb02e4
6b5417e0
48c6539a
74d34027
6ceeb422
4fe2b7dd
57ff8bbd
411dd28d
6fb4afd6
4dffb4ab
6997f5d5
4b3699f0
4b75c08d
42977d0c
444496d9
4aff41bc
4c6f28cf
71bff01a
527c8b58
71fcbbeb
4fa87f3a
5685a01d
6f1f88db
759948e5
7376e743
5b0f0f16
6a379e8d
7d30eb25
77e7dc56
51d85fc9
73be57c8
4db2d6bd
63f22dae
7e0d5739
5acae481
745156b8
675a4a38
4b09ca3d
426ebcdf
4ae17bb0
7adb2f12
6919a80b
583d699b
7e4ce235
5b227c90
550e444a
67bb111e
46d00990
7f3d40d7
76338e59
64007319
753d6db8
41da81e1
76433b86
6d7b30c9
7c2621d3
5139f097
5ab867cf
7dc302e3
664762fb
6d118fa1
51bc2d7b
6e054ac0
4c2c7dab
5c15d984
64933ac6
7d993696
62cc3330
587f2d8d
59a1eb21
6852f230
5b3968ed
6e669116
7f0b4372
78a92798
686b30e2
43a01dc1
7ac82719
4289d8e7
5cf2fb2a
65f2f268
671edff4
6cf754df
74cac4a1
7bfb5cda
5d50b7e7
542a2960
5a2a70ca
509981f3
7ae38682
4eb70d6b
4b92e433
706b312e
73b5f6c2
463e7e3a
49397cb2
6b67f590
48d567f8
7d69b9c4
74990e49
403c997b
533e50f7
41ee3ce3
519aed9f
793a9ea1
657b3982
60b0b9e7
72205965
5c26493c
4864ae89
5c7d191c
63f39842
500c0b7e
719afbc9
6bc837f2
4d1b6d35
5c499cd6
59f27a23
62384379
4cb0de18
49dd842a
4d8e57b5
712bd195
7842f348
58c1d30d
72e57d32
46e951d8
7e3183ec
6a6865cf
5b2dae3b
4d257ebb
505ce850
4a6220ec
6de4f457
6790bc5b
70460f30
40d3d556
7ed382ed
6361caf2
41a5b811
6af0a73d
66ed83d5
5c011261
4b92cec6
46d8d722
43c20f3d
679c06d5
63adc481
56460164
48182e35
71e382dc
5f567281
5e317bf7
69e319ae
75054602
4de3fa79
5f290068
5cc57947
6a02e681
6570e723
60640c77
623edf21
615574b0
47be96fd
61bd7e27
5b5f9482
40eb7aa7
5253c26e
64fdb627
6d4e29d3
66c80cb2
69b3876e
63a54d7e
66ea67a0
7a7057c7
70e59341
63abb032
5f9752a3
42e04782
4715a8df
7f1658eb
54b909d8
5691241c
7883c944
4d31f020
41295493
4b69a20d
75be8a77
55462e89
64f88754
76447cf0
448a52a2
6539ce18
799910f0
4d7c2693
49530030
4cedea32
6a2f5ada
7d14bf0a
42cca5e0
42d26bd2
4a276607
434ca593
77a6cbb5
4c21cd21
6db50ab0
4b22357b
764476bd
571ce85f
4b74a69c
5473f1de
5b23916e
4fd859a6
4169d208
7abeb497
58a7d261
468d536d
5b07736d
70023c93
6993524a
428cf4d3
6f0ff35c
69b25f64
66b617e5
5fb7f76e
746f5b5b
6977cd19
6578334b
5b7a149f
71b758f2
7b58163b
4ab09299
5dd44de4
5d185bbf
7a8714c6
722bde84
58a17791
600f4ea4
6cfd8836
49676bfa
40dac39b
68c9f101
5f9503b0
5e4efe58
4f0616c7
7b8719d1
66198da4
55303dab
69ee4c7a
767e10ec
598e4eda
6e32d367
4a1a1f7d
6e194774
7e1d8a9b
4ea22624
72ef47ac
55ca90a7
45729117
4f2da98e
462c4df0
4a3b73a6
401601eb
4aa1ae2a
61718e2e
5d6d1e15
66386b60
63fa2e47
69123a9e
5e0a27c7
72947736
5b249b05
59cfd284
55b0a326
501db93e
663b30be
52acde71
6d504c3b
460edf93
44f768cf
7ea81045
4b33e96f
51095823
714eabf3
53c72fb8
75e9c9cd
79f25e02
533ca8ec
454580d3
59be2dca
7ccaf5fc
59b94d58
74c8e0d0
64e406ad
604eac84
68a0c5fa
4ab14c1e
71d3509b
4d367dad
76e2d474
55f3212e
6f237492
61e43aa7
4f44034f
60d14f78
61318c37
67aa418a
7f020833
78b1f4e2
6bd124d0
4c31481f
7a61e41f
41256893
7c3fee0f
7c255d97
41d7e38d
488cfabb
57babac0
59f74022
5717ba88
4e156c2b
5732fbb5
5d09928d
71382352
7c398d01
4c7fd93f
4f0701a8
6460b725
5840aa4c
69f426f4
5c58f98c
466a45fb
41c67f1d
41255e6e
451a0583
7e750366
5d0144b5
4043bf71
6cb79b43
7018324c
49d7293f
453e80d6
786d3d61
770d2ebc
4466d365
423d6cb3
7aeeef7d
72767f72
52e7b7c2
778b39cc
457b3231
4b1e1a53
41a37d01
475f5c8c
6d2ef61d
56594d57
6b0ff609
5971d7de
49cfcce8
7bcb4a0c
6535093b
644387af
48dacd52
78f19028
6ae9bf29
69c7f0c5
6ff095b8
7a8f2f73
43e9ed6f
42e28ca2
4c3e6c77
7f15fae3
4d8c9fdf
42c832fc
4c2aa2f2
69ece5ee
7a2f5e11
6e8df32a
68d220a1
42c33686
5136f2d6
773394df
7f4cf93f
49bb1e74
713e4937
5530222d
51d239ee
7760a751
7e6b937d
6c58b69d
577e4619
73f3c104
7ec40b22
59c400db
76fae099
51887090
76a6bd2f
651b305b
72ac77ec
463f5261
7ef38faa
774482f1
503f167f
40647d6b
4d0d1052
7cf60da5
7490775a
66315748
54408d9d
506cf44b
632a3891
5079e1d0
471321f5
565a8c06
707829d6
587eb685
4f03537c
7668ed3b
56e7a069
5a431c34
6f5e2203
7d7e833a
66968948
622cd0b0
65723df6
7ba0ad29
6cc40da5
5779368f
6083f496
6052109b
4211fe65
49439e51
6e14ca8d
4b386231
5990869c
45cda24a
4243aec8
68c6560b
4f49aa84
5a864802
5587789f
722c3cad
61a4be65
71e43b6f
76ee8f9a
4633782f
4ca37bc8
7d10a242
4b2a58ad
46d5b9a1
58ea9c33
5b841ee2
6686c27b
7d8fc8e1
41453c40
71411206
454fde56
5ea066c1
4ec19918
7fd9fe07
556e0682
4c961c3b
6f7e9fd2
5df8de45
5d89b5f3
6c8f002b
753c6a2d
43207f45
6725c75a
6eb22072
68b59c00
6bbab80e
627fcd44
48a3496b
59ccd213
6772b269
68763ee3
6e5ee266
57b14a68
761ed338
7e6ea7bd
63c6fe83
7a5b2a75
6442a40e
6ccce63c
46190fcc
4b865b5f
7d0fb9dc
762e210d
70377a88
48e9ad75
4bfa840e
673361df
5c46df70
50662a80
4afcea51
45166ada
4223ab3e
7cddef75
64e37486
40fe2ffb
518c253c
4696c9c7
7a0c1e64
758c760f
47d03ffd
5d771422
425e0be5
6140c493
41510211
6a594d3f
66fd1b5a
5427b8e4
4ec2dc1c
7c6140ff
54d75b9f
68a19558
621009b8
45c6f9e2
6b10d1dd
43b05fef
5cedac9d
5e326319
477874e9
6997f878
57303278
69d7af55
633d71b5
7082cbdb
6f4a0d7b
70c49b0f
63ac1a1f
6c8c8b7a
57beb37f
7690d6fd
513a71bf
45c073bb
63b8a004
435af9f0
6378dbb6
4de626ef
5c8b195c
7c13810d
5f028ee9
405e0c83
7926227e
5c18ccbf
430d39fe
5a3f10d0
7939b259
59917ab7
4966c3fa
6543de87
44c93f9f
41e7d850
5519a6d4
4291d351
489cc1f7
549be202
4eb84a91
459f1d22
435b7e9d
48caf145
640809bd
5732bc68
5f8ed32e
43d94144
574fa8a9
49941c3a
68c0dd94
6f1c09f8
79b1cf03
60e02009
7d853d68
51cdeecd
4a031ca9
5b6558ba
5d2d0a29
720cf471
47557d35
7cf36331
6a4a3147
53e211e4
4a9644bc
4cd2a690
56b4ac93
61d69e0b
4efa559b
4c6445b1
4d304910
57888c32
65a598fd
47c9fa70
5c0a14ef
6f92664f
77a88345
4c4f52bc
4feeb8ab
5c3d3bee
62f3d118
6b18011c
43eed2ea
52a86273
7482c2d1
6ad70276
7301229c
62e3afac
6fde889e
6d68832d
7b2a4b9e
4c59d666
6ebf7063
45ee5117
6cb7b702
5f2906d3
4a12f156
4616d8ac
7fd5c9e1
41542dbb
5230b615
6c66a158
63aaf6c1
6e9f4a99
72770a31
66c47e0e
7f14d942
70c28249
4b740799
49077dc6
42690c6f
5461350b
62ed95f4
48fd0e7c
747356a2
61334334
5a084ddb
611d064a
69189ac8
4eeb873f
443b007f
4ca7398f
6f960019
4f8cbcbd
52416696
59dbb159
58bd4a73
4f4e11d3
4534b6bd
4c8a2cca
78768fce
6cdbf533
6329af8e
77ac0d74
4e586fa5
744dc416
61f4684a
43c1cec7
7d46cd07
7305fefc
67f5bbab
4c2239c9
64157187
42caa660
47ab5380
7468acd0
7a7dde86
47e2b36a
40d6f7fe
77c68495
55c51fd1
61a5d149
5f94f44f
6e4c2a77
583c0e17
69215c64
7e086b15
62743e14
6c49df95
547e2ddf
453f76ad
4f54d0c7
4228d991
46a6fdd7
69f46da1
64537c04
6adb827c
4dd3c38d
6f16f618
6605da3c
6af1f910
5476915d
6817ba7f
463b6fbf
6ba6bfb5
49cec931
4725ce2e
59df3e90
66a9a946
6a33fb4d
4aa6e229
5e3fcb52
4df01efd
5fc83dfe
65396622
6573490c
47556943
76860469
48ed3f72
4c48b756
76a235cb
6670bae6
541d48bc
68c890a2
7f649d2a
6df9e242
47a02266
7cc92317
4c031a4f
6e623e9f
51035812
5224e64b
484c5da2
749af09d
7530e5d4
6263816f
50b27c81
45c03777
77283336
64d7ea1b
4a7b83e6
43a9380f
4bdbda15
57794244
54fbe7db
4480032b
7f6ca6f0
669ced2f
7139dcb4
6f2d7cb7
4e825ba1
5ab84dcf
536de779
4cca88d9
660559e5
4fef06b7
5aaf6eb6
6fb9c552
7461d7bf
7e4eceb0
7a9a4155
47b6f1dc
5f793f5d
6e3d77db
60ce375b
544096b8
63fb9e4b
5509eec4
7d0ff68f
4fd8d12c
58849fb7
44595b90
5fc51cbc
6c302e2a
54ded347
48def1db
464705df
503596fa
453d2823
6a4659ea
4c65558b
6b7e8cad
6d98dd08
7b7d08e5
76edf1c7
573a84b5
4e15a566
5e9656da
6d413d50
45c9d5c4
437a6b5c
474976c9
7c14a38d
627d30af
796459a4
73f8aa66
5ad928d6
5508e1f3
47515ebd
44ec1582
706a3978
76ab480c
6c3f2851
47f2ff53
54205e48
4bba62f7
420f7475
40f4f2cd
7bf2d2af
4bcef155
7a4771d9
5c1b9b31
62b22b15
45a033ed
6a4d0105
7e54c4e4
47e6ff68
42d9759b
7126bd94
7b11426e
532f65c0
438255ea
4623bf41
46030a62
76cd7bc6
4bf5e76b
741fbb5e
4af9926d
521d6f12
5d1252dc
623eecf7
4777dd97
6451dfae
6a0b17cd
577c4757
713ef6a6
422239d5
54ea12af
4bf06beb
4275d822
4a83ba54
5689a5e6
49dfae97
4b654869
6ff41c6f
7a17bb04
6febdc07
677e7c22
4f2863f6
444f9e79
563dbb16
6dbc6a52
50508d25
70f80ae6
5b14db3f
5981aeb6
5f74b71a
70e9429c
4ffca601
46fb4312
41bbdaed
4f0b0a72
541adf50
58798c88
787b0875
64dd0a8e
49719317
58d60dd5
67cc1964
51789e7c
52b3e6cc
68457c1b
5f513439
71e6b632
4443fae8
57b117ae
4cc7ab3a
6175e5fe
4ea31f3f
50b7913f
40e75d0d
494b73a0
6dfbc4d5
76c20709
640dd5e2
449ffe78
6ed2bd0a
71373aeb
4a74898c
4eeb0b3e
4b45842d
67936905
413ca287
5e5f6cdf
4c6e675e
4986782c
4351ce89
633ff74f
56187703
5c998d1a
5fbb4533
4049c8b8
61c06e23
4add9d50
4d11e6a1
518b1948
45f032cd
55d887c8
5495bd69
55a712cd
7808b93e
659998a3
665ae3e1
6552d30b
5dcd73de
4127be50
7d71f4a9
7d02bc4c
450b9de8
50dbd2e7
4b96a973
66a8b44d
55f41bc6
4c08305a
68463925
51871b55
5b8b8454
5a5780f2
77cd52b5
7e1d0c18
61a7539b
723cd16d
7a326d1d
58e6bd77
67d3d66c
4ad7249a
5ffeed71
793dbf79
54e03ce2
43af8794
6e080786
59c0ac01
46590a4c
70196d14
429622c8
4293f1ba
750c60f8
50098c27
68e8b976
441a5a5e
624772bd
4e22fcb7
412c05f8
6c376d75
455fad60
66547eae
466a1340
4a15e81a
5d2557f8
740426f1
49ca5d1d
79258902
4b80aee1
76cf22f3
5122f8c1
7c4f81f1
68500794
5cdaae71
47e92e4b
6390420f
4c2d3b31
44eba3e9
6c48c7ec
44f6613e
4339bd5b
4a94fb37
46754b4a
46eded7e
6365acfa
789cc640
61cf7018
49f1401f
47760fd3
44ec62af
4c8f1d1c
554c461e
6a6d82bb
55b414b3
48442e92
42202be6
63c4f1e1
65e855cb
45547860
5f95e86a
6dcd2f34
5590c2cf
4db656f5
7728d9b5
49ba6dfd
599ddb52
5dfd3ff2
6e416f4d
517a903c
52915e17
75ab6793
4218b213
77cd5d1d
5f6d3b8b
41d2cd13
55d82718
4d357ec1
41e62118
57099bc5
478be136
77982c16
507b57fe
69ddfbd2
629039b2
4053507a
74145481
50fa858d
4a6aee47
5d946ef3
76a54bc6
46f71187
4250b495
6638d72d
5ae396d3
6050713c
67ec1c10
5b874d95
420021db
4cc9da8c
62636c9f
596b799a
416fbcf3
5537957f
46254e26
4648e569
5c60e25e
41b16591
47a66a1e
551d9912
4fdd682d
43977ea3
6b5095bc
4a36fc5d
732705ce
573c2d9e
639051ab
658eae36
48d58ef4
408d47c5
62fffe1b
6e6a0bb1
6d47912b
63282808
44a926d7
5b6f5905
664e48bd
7e8ee9b6
6e56ec23
7ba1b683
6a68b2ee
4eb30ece
551486d0
71f737df
5c563279
6f102ee7
46c31f9d
62152cc5
44207ccc
61acaf06
5771ce83
477425e1
726d0dcd
4324f70e
521d36b4
7a3d80bb
61cdcd41
62cc9f2d
423b6467
52925688
70f8ee18
47491b4c
4ad2ac62
79475d58
45135af0
50b3702d
6569c1b9
6a23056d
7a9158b3
7c85d578
443490e4
7fad1535
71ff33c5
6e1d1b6e
4081771d
7bd1caff
4e49a1b8
4633aca5
774a164a
730872cf
549be2e0
7e91105c
49943869
5fbbd97c
5475aab2
45f7f1ff
56f4d34e
4ffdc043
46f15953
441d4807
7e0c8537
6cb3a6da
66e37d03
4c883ef0
5b4d92fd
6a047d45
4021c640
43ee0644
4b3fb6bb
4fa0fe5c
4b135305
5b92ec61
6d82b108
5c4e2766
5444b3e3
41e40016
4106c9b4
5943bc12
5553ed08
68073afd
58bca464
412a2908
5dae87fd
6e231c0a
4f5335be
4b48e066
7758a8d1
4a547c09
4dfd8659
6aa50477
5cf40e58
607090f5
71565ddd
44dfd037
59ba5669
41df582c
421e6e9c
77796887
4d68acb1
487b0aae
492dc74b
45ead9fc
5f86a3b0
4b2931d8
5df4a105
7e7acba4
7050a823
5e8a95ce
58c6dbbf
6bb8ff1b
7f14d096
619e105b
608501d7
49657c31
43b21cca
65c55b7d
4d37e3d7
622d5332
5f25b493
60f6b644
5f4720da
4cae1218
497ef847
6b7f1b53
63dda91f
73fd8e94
4e4f0412
7fc0e619
429b82f7
68ca6d24
4edafabb
5e9dc94e
58d21d53
52d3eba2
7cb47a47
778815f0
79ad635d
46b5f10e
4a412036
5ae01af3
5b99ea33
6d27f15b
60fff916
5f2519c9
66ef627b
4d42f4da
74f3a417
42ccd07e
6abcbe0f
5d4d50e7
6052999e
44bb0f85
4538ae2f
6d6c5a8a
49fa6efe
4c383d77
7abe371d
41ab1837
6ea037c4
7bf093c1
4a426cc4
5cd6649d
5a13b0d1
49acb749
69d600ca
59149e4b
7cdb05b3
546c91f0
6274177d
49821a66
64717741
68c98dd8
43727f12
4497667b
7536f7c8
42160651
5c0a4965
49c1498e
40f15e36
75b0b904
7ed27a1b
5ceb6cd1
5fd37755
4d021340
7c729565
4f774902
46e80eb4
77c1369c
6136bc0b
61cccbb5
5df59a54
4ec863c0
50522a59
78338417
4780782e
650c858d
43e05ad6
642b334d
6e1718a7
4c489662
58fc10ae
4a0c6d5a
6944a0d7
5c9d4deb
6f8a1b7f
40b4f0ed
7f6da426
5846abc6
4b9c9f39
6fdd1d47
5c5c973d
4bb0104b
6d7ce62f
7a5b7bf9
69eecd46
441eb9df
58d95a03
5a7e0119
6e7358eb
4afd47f8
5bd78ae4
57e63610
5ee0264a
46348e1c
510abaea
5b9b241c
7b78ed07
5398c33a
69b38fee
71c76fb2
470cf2f4
402f7e40
57a4fedf
65d5e29d
6f5235c5
4afd15d2
70ae03a6
4782dbd6
69ea6d76
4cb53a96
43762720
6b613594
41eb0855
4e91d499
7e44a0f3
7dac3ed5
40635a1b
5df61d11
6cae4c30
48f8ff75
498a0919
6b67128d
7d6cfdc4
5542fe70
54617210
51d86977
7923bdf5
4f04b293
485ffde7
5f01835c
4d5e2f75
44adcdbf
42caebbc
64f56e9b
6058f432
7ea7f97d
5dc0431c
77c8b79e
76b5236a
4dca4268
41664f8e
6a44ccc2
70edf8af
62b0d5c3
56b9bc74
40428894
501058f6
4e6b13c9
624554ff
6d614890
49aa9160
500a3a01
625490df
59a4d9a8
52eea989
47aa87dd
4668b610
64615a62
4c935e96
64851f21
4f372755
672258d5
786a03d1
70fb7e54
473b61ce
6139d4d0
7b1377a6
692c4861
7ee3a50c
4c71c4e3
54828543
63bdcf8f
46386333
72e80ab3
79c2b102
4e1de20a
76911385
76d8938c
486d9a98
49c400a3
59cd8d51
539378ee
43cc3888
780bd62e
4a4d5beb
46fae0e8
66cfe98f
4d3b3ac6
52b243b2
7ff65b9d
43995d2a
75805804
64a0f339
61e8bfea
57a2d009
453f8bfb
65b85cb6
4d8728e5
718dfdc9
634d6775
4869be5d
74cdb2c9
4a18285a
578b0829
70afec66
73aa0fcd
4c27ab9f
4bd792a7
6eddda14
700f41da
44c5322a
46a04b4d
5d1993cf
5e9eb7a3
5ef0143a
75f36b5a
412697c6
72dc852b
5cf388dc
7235a868
5675e9ee
7142736f
57edec83
711449ba
740a558b
4c0e0936
436f83e0
4b5610aa
4a30e770
6d9beb8b
587eb295
7b5d549c
7ce116d2
6111355b
6f724da6
798bf826
6a577f33
55e89d94
422c87b6
746d7b91
69656df6
733bc398
7b1a660a
63c18af4
5d6e2afa
443a481e
5bd2d5f0
4846d5fe
5bb54732
68960e28
60fe146a
53d44a57
68a7bbce
64096b97
7bfdddb0
4898e2c2
72a4dee1
6f77faa1
70c5671f
4ae15ce2
796d409f
5cfc8a4e
4f0b8593
4f0b8593
4f0b8593
4f0b8593
4f0b8593
4f0b8593
4f0b8593
4f0b8593
4f0b8593
4f0b8593
4f0b8593
4f0b8593
4f0b8593
4f0b8593
4f0b8593
4f0b8593
4f0b8593
4f0b8593
4f0b8593
4f0b8593
4f0b8593
4f0b8593
4f0b8593
4f0b8593
4f0b8593
4f0b8593
4f0b8593
4f0b8593
4f0b8593
4f0b8593
4f0b8593
4f0b8593
4f0b8593
4f0b8593
4f0b8593
4f0b8593
4f0b8593
4f0b8593
4f0b8593
4f0b8593
4f0b8593
4f0b8593
4f0b8593
4f0b8593
4f0b8593
4f0b8593
4f0b8593
4f0b8593
4f0b8593
4f0b8593
4f0b8593
4f0b8593
4f0b8593
4f0b8593
4f0b8593
4f0b8593
4f0b8593
4f0b8593
4f0b8593
4f0b8593
4f0b8593
4f0b8593
4f0b8593
4f0b8593
4f0b8593
4f0b8593
4f0b8593
4f0b8593
4f0b8593
4f0b8593
4f0b8593
4f0b8593
4f0b8593
4f0b8593
4f0b8593
4f0b8593
4f0b8593
4f0b8593
4f0b8593
4f0b8593
4f0b8593
4f0b8593
4f0b8593
4f0b8593
4f0b8593
4f0b8593
4f0b8593
4f0b8593
4f0b8593
4f0b8593
4f0b8593
4f0b8593
4f0b8593
4f0b8593
4f0b8593
4f0b8593
4f0b8593
4f0b8593
4f0b8593
4f0b8593
4f0b8593
4f0b8593
4f0b8593
4f0b8593
4f0b8593
4f0b8593
4f0b8593
4f0b8593
4f0b8593
4f0b8593
4f0b8593
4f0b8593
4f0b8593
4f0b8593
4f0b8593
4f0b8593
4f0b8593
4f0b8593
4f0b8593
4f0b8593
4f0b8593
4f0b8593
4f0b8593
4f0b8593
4f0b8593
4f0b8593
4f0b8593
4f0b8593
4f0b8593
4f0b8593
4f0b8593
4f0b8593
4f0b8593
4f0b8593
4f0b8593
4f0b8593
4f0b8593
4f0b8593
4f0b8593
4f0b8593
4f0b8593
4f0b8593
4f0b8593
4f0b8593
4f0b8593
4f0b8593
4f0b8593
4f0b8593
4f0b8593
4f0b8593
4f0b8593
4f0b8593
4f0b8593
4f0b8593
4f0b8593
4f0b8593
4f0b8593
4f0b8593
4f0b8593
4f0b8593
5e558905
418b8918
768cc467
5eb2538f
56388255
7383cefd
6dcc3263
71e7888a
72d87c22
46831074
521eb6b4
4d109552
509c4e97
5b659a05
41043e8b
5383ad90
797daba8
5d8eb9e6
7bfd3a39
75f6662e
5b147d03
419c2cc3
60956e34
7b0a4da9
4167ad91
4d3648fc
5327cf58
48289c05
45378bf8
41909e14
419b73b1
54fc6c90
79a3aa72
4b97ef32
4c974a53
6c675f59
437aa1dd
409713ff
43faeee1
7e896c96
77084492
6bb2a50c
64c886e5
49f2b0bf
6b1e95dd
56d40deb
567186bc
75069028
4e6b396b
491f1509
43f4377d
49e444bc
49d876de
4aa94f1f
7fe7ee3a
58afba97
5264d54f
547d3924
524eb928
7d3b3b88
5947936a
63254dda
523f5e57
58954385
7862a403
4e832145
401e248a
6ff7df7e
77ffba52
68c4f0b1
4b6d49df
46bd48d0
75add3b8
48cc2b55
600b002c
48fea3a0
5d754489
757eca85
6ee769cb
5af5b7f6
409597e7
6dd290b9
785eae17
4ef43b45
52dfd321
48006f86
4c0d18fd
74bcf289
71f0b744
5009e1d0
475eb063
53cec2ce
73eace71
587b672c
518dcaff
5eafb9e4
4e95e6b4
4e1d1a12
41bf0f8a
79d2a23b
67866514
4cddba85
69538566
5ec5d60c
57d59c39
5288f480
5eae0791
4e362873
79134d86
56051fb6
79b48655
5abbe498
719228fe
62b01c98
5fbdeb7e
593b3644
4a14f6ce
5b3e9b04
44be6dbf
44bc21b1
558222a4
53c00c2b
5431d6c9
6b689b77
7b6d46c6
40541adc
4ef628cc
4bc7a38a
7bdf9f2e
52d289aa
44be08c1
4b326e54
64619a58
779dd652
57606bf7
5af695d9
5b62c12c
5307d9d1
54248ed0
7363cf83
4971b49c
4ef7cd31
46e188d7
409a5b4b
47cda4a4
795d8a59
67042a09
5546f700
5d2f87f1
7b754507
76d4e86b
45a0c80e
6d26e7cc
53a4659e
4d09b6a1
4892a01b
5c63edf7
5fc5d25d
4605994e
625d68a0
4a2db515
7a031321
6dbb8fb7
67be0f36
6a0446cb
508ddc1d
7e054701
7e2a33aa
4ee85802
5beaa574
44d59e05
7f85f9cf
6220d0ce
406aba5b
7e0dbfa5
416d6e31
470249d9
46bc5a82
6326b192
48398bce
58d01220
7cecee6b
789bf883
487f043e
598738d2
5f0d2322
68302474
731fa06d
598235bf
6f1fb3a1
45cc6b1d
4de99a98
6d836736
4fa59bdd
60e46a71
64710594
7f71fd6e
47cfd753
6521d961
415f8506
6b736621
53b0c73f
60a8203c
446bfe6f
4d1ee37b
7a5e0509
5a4ef5c0
553725c7
639cef7b
63b8c9c6
6bfdfe72
49461904
6d4e43d6
7bc5f397
67104a7d
78859dac
72398d63
4293b2ee
617e5d92
4104bce9
7c3fe541
5e266ee8
642e32c0
66e4bb55
65068ddf
5cdcebd9
4c62503e
66637c88
75ccfbc7
45d2c1fc
76d3321d
60f46376
54274fc8
65763f2e
675c342b
53d379c3
6f24aac4
609b1d6a
68e5d486
79ff3911
5a905570
503a1df9
5a9eec3c
49f4a6bb
5a2aa054
42cefbec
6956bec4
51b6ddd7
4d2aa9e3
42994fbc
624eb9f2
6bc28334
594e5d37
685e7a0d
473501d3
53e1b702
466a1b73
54a97be5
67cd3f3e
6585cfba
57805291
711af1d4
7d9313e9
57a9ae8b
465cdbef
7178f7ca
474ee029
78467d1a
42a58e0a
40bf2b1a
46b25bd2
4a2abce4
76ddf155
7698d76c
7e96ec48
4f41c75a
537be708
435aeb85
531b8599
48f79132
622c8d42
60dbd1f6
5a40e3ca
5b2f40b3
500abb39
4187c3ee
43fffde5
7b36bd31
4dc33e46
4fd81627
5712af20
5afa3534
599ca955
40f98051
47ee03a4
45bf664e
5b6a8c2e
4cdfcf5a
5a1586e1
4927a48f
7669c1ca
6d4fb200
6b0f8829
416a8d61
4fe91957
4b410125
6a2b444e
579b5fe2
42e182ac
7e1814e5
445bf004
4225d7c5
4d1ab35a
51e922e4
41f9a0f4
6a1a9ea6
7d37ffad
73d657ae
4c8c9013
419b8d8f
7abc275a
6827c234
7dd0891f
4b4f3de4
4a078d00
6ae83a0d
469ea19d
5c4dadfd
7d7500f8
5f30715f
7b6d2aea
48e467c2
529ae204
6629f0ce
4239435f
557a96d1
74c0beab
4237de29
4ebedb32
559ba76d
497b61b4
6e93c902
409f4085
67b71528
7c0b2463
7dd5ad08
49947a08
5b39366e
63e78260
749f4c8c
7e7ae0bc
41f30869
4050ae40
5a6eb40e
70514167
53ff2b3f
4b0287bd
49d369d8
5ddf88cd
77daa7d9
51f9a53a
5c5eab36
4566ae8b
46290fd7
5a1034b4
5b756abf
753074f3
497eaa7e
7211a112
73f934fb
53cff447
4c83447e
6c9a36ab
6be082be
7951cf63
69a4169c
57d3c496
4f9b7e55
54a54a46
4c319e2b
4708934a
582c5b83
4fe667cb
5df4e9e4
4afd6552
5d425f49
75bd918a
4b5965df
410c2668
799d11e7
43e9635f
5d728e04
585520be
4e44ffec
60b345f1
43b0992e
7da9cfc4
7c24a5b0
5060616b
482d0fd0
5d1fbdaf
5b1310d6
7b68539f
4582363f
4906336f
40c5d292
431baf18
7697bcd7
4dc49d84
41723590
6beba775
6da2e655
6587781a
4c58eec4
419bace7
7ff16e0c
60cc9cf5
628e0849
4de64360
4768066b
525b8d35
70cfe709
419ddf96
432e710b
49eb5ea1
425815db
73d748f8
5487cd93
4fdf9905
48b35c23
61af2d7e
4c0b652c
72c9aaa1
7f715d3c
7f9e31c2
49769956
5d6400ac
7395d068
6e97c6e4
606fceef
7eb99953
59e6bf5a
42e3b2de
62d91413
463f44df
7d4fa1e1
7170bf54
62354e0a
52d69e6f
5683f916
5a1322f2
4ef161ec
51be7b14
703d8caa
47f0a6c3
51a7405c
6c972797
725ab8dd
4808358f
43d7c674
79b9da01
7c88417c
5b4a1fc0
70046de5
4ca67dd6
6797d33b
47fa9dfc
4c1273a0
685df33a
73a7961f
42645725
496dcb9f
52346cdf
467dcd34
60e2786f
41bf1187
6624ecbd
665155cd
4288e449
60b20290
64ebcf29
759aac47
66b804a8
5305489b
411fa46b
49599cff
7882f317
5b0c0ed2
76839133
68634469
5f1bb870
4c5c2e9a
4ea5e82f
47af3e1e
549bda5f
7f1fa87c
6ba998a5
63670895
698eddd1
4c0ca80e
467dceb2
5daae944
72d56c0f
5eeb4889
46053f42
596bb09e
586fc793
630496cb
666eef5a
6ca3d0db
7c7dbcf8
61042e38
4f5594f6
5380ec19
445492f5
4dac0092
599d0ed3
4179aa81
6d54a8a3
45426f03
42b21777
5365a511
6ac2adb1
44fe023c
7089b507
699a46b0
74714c06
532b102c
42f8ccd0
4fda8804
676ff35a
419b5952
579f5e44
57591ad8
46871a47
55ca27cf
7d6bea1f
7a50ea56
72096126
6ea6a6d2
614132fd
7e7312be
417825f3
42e21fe3
42efa60c
63fd9198
5beff426
7e7cf196
4f4b0402
782eb695
72fc3753
59f18011
5214dc56
49804273
478627cb
547af788
6a1a7cd1
5f9a2956
514b7b82
67b9f47a
5625497a
40461655
659ec737
57d3ea65
4237d534
62074212
517fc7f6
734ad28c
543bf94b
44d54478
7b950d48
59aec49f
7e229f62
7e06a73d
73cbfa77
40b82021
4243baf4
7004f3b9
44b677f4
57bc648e
70c257eb
583b8c89
50e8591a
47f8f69b
44d30bd1
47e93ac6
5891fd37
790df4e1
4c59a758
629817e3
7cb85a53
5ed2b20f
60499472
49d84c94
7b2fb0bb
424677f1
71ba1f42
481fc060
5b9d677b
65a7b8c0
7773ea90
65f3c640
6eb92e11
7e697591
67c7ea93
42e64b8a
55dc1bcb
405fa116
53df06f4
40b3aed3
77b8bbd6
6cc5eba2
48fd92fe
4ac1722e
63ddc65b
75c660bf
56c7160b
434e27e3
78054eab
52224b1d
57b14ac9
4342caf4
55925363
40249647
7f5161bc
4befd305
4706a2c7
5e0e12a3
432bf8b6
5bf34e5a
429b0110
7003a7e3
78e80ff6
56f4449f
473c8630
7929ea09
45beeee7
604abe74
647d248a
5fd93d78
50d86113
4617c681
607758c5
79c0965e
72bc39dc
5a78738e
4ed9f7f0
6b4f4fe5
6571a297
77daa2df
4fc39b68
429940cf
5f66131d
4117c207
7c416dca
420dff57
47b16b53
75c610a5
5008e415
5450a34d
53338f47
4673ca0a
508d1f0f
4e81ae20
5f98a7c5
5044dd32
6b0a0ab3
76721e12
6f1d30d9
48f49f78
5d0a984b
4d956a07
7ada2b5f
4d3371a1
4322f643
7a15a9cc
53093316
7c9da80d
4d23fd71
45363e24
45db4b0b
431dc867
704a042e
5275af34
65b307c1
721e1719
6641e11e
720da8a9
5379594f
6a57b94f
52336d26
485a7e91
7994afa6
4e40909b
427b562a
6755537c
43a7ef49
6d806215
6b944e71
47a18634
598e108c
721cc050
5134b535
49b6c017
5ff00741
641e067b
48908dc3
446f25e3
723ae827
47f4ffb0
45ad764d
70f0b7f7
6bc6268a
413d3287
63e62d95
640dc9cc
463a2d66
709ccb0f
45f4b2f9
406e5b34
69c0b0f0
534a7072
5195c940
487c4247
447cb284
45331ba9
6d35f97a
444cedc2
7c76458b
446c7754
4f185d72
59ceb5ac
5b7e732a
6f050951
7626dc0d
52cc1a6a
5474c47b
5fab4edb
513f825c
7b394e67
6f20fe79
47cc33fd
53b58f9d
62138b52
4068a389
588d7f79
5eddbce7
6fe65bf2
462864b3
5ea2d4ec
737206c9
51862d43
4c07899e
4ea00f2e
5e8416d6
5f9c35b6
52dc7177
44f8f5b6
666fd8af
75d5815a
6bc6228f
4c46c40f
56896d18
42fa2794
6f59316d
6eabace1
611efd59
4613c721
72f9f7b5
60766083
7ba929ff
54ac5eb2
449c6d57
7ef52a75
67c79e75
465859b7
4252916e
4e0df201
7de8c48e
74de2974
4b3a740b
442cb591
47f04c37
7fa13ed9
42bc9603
6f67af58
75e9586a
57101d6b
6c06b4c7
7824a202
5aac538d
491a3e3d
66bd74b0
701a57cd
657cf593
4f6d9531
46fe54ec
655f4622
47069558
64ad37e7
6a20ace2
421d001b
57a11590
517d5618
550d4676
69488501
756bf827
5c3b36aa
4b39f7aa
41896f4a
71612acd
73542795
4050a24f
5dc78a8f
465b6550
42a91e78
739f1ef9
740a6572
66c669b4
52d4cf40
46689765
461e6afc
5ba1734b
488408cf
686addab
45f85254
7debd421
4d15e009
4d944301
4acc0322
660166c7
510973aa
4e3e91aa
65298d81
4a6e0c19
436f3286
68c4a098
47238045
4f721ee0
4e51a437
48cbbde1
43a70279
44878d1a
6d14776f
778660e5
6a88b602
4336c261
76ec585f
763aa135
7f8c767e
502a0b94
41b45e3f
7ba0afdd
7de8abae
4a08b505
5a05c811
6d0d047c
53639aaf
4dce973a
65578f85
5573944e
7d16ce3b
64dc5b78
67fc72ba
63a1c24c
635ecda3
6b3c7610
69630507
56e8c260
60eb590e
530579dc
6a2fb918
49ac52f5
42d421d3
5a3b59e3
508443ea
5ffddf02
7f9f564b
5049ea38
72f8bc49
5a575208
4f4e257f
447aab9e
67d52a17
5cfb2e0f
69e3c27b
5496e1bf
77e8f97d
46b65639
4ababaca
4295b4db
738d0d24
7c79c193
5130a7e7
76dcff0c
592741d9
77f938a9
431ce18f
423b2bed
457dc472
48f4e89a
5e9e7508
589b3f59
5c39736c
68346481
5e1ed6a4
798d598e
736f3369
552891f8
64cf7ef6
7effa803
7db02328
45f46957
61cf8902
799751c6
43f9f89d
57f696f1
6daa99f5
5dd11751
477d1967
5569d1d1
76b5e62c
5346d78f
7da7d7ca
4005bd54
4fc2f6bb
66ec13ea
4dd210c5
6d60fb57
6b464003
6edf29df
7dfc98a2
408e42cd
5f40567e
58c99f64
6910076d
77b1aee0
5faf8fe7
46c9ec9c
4951a03c
66b89ae8
575d85ae
40d59dd2
49c68a59
63fe8c56
4e9ac279
65f4c7f5
58d74367
65e2b324
464453e2
4d11614d
483f6e43
47b71a8a
52c39655
45c7e06f
474ad854
70c3c695
5f087f95
4d9f8019
5c5a1e0b
49ef6475
6b2b2976
7e325183
7ff7b3a6
47f447f6
44920132
4e41db33
6ba34902
653a59aa
762e8d8b
50c0b6af
5e5cd8c1
5f77f2f2
7e844404
60647fd9
612e90b4
522ef429
56e4bbdb
689492f3
4930f2a6
6609024b
49dca6ab
4051fbda
4741ad4d
462d3353
77ea7d49
4fa6676b
5466abb2
66fc835e
537dd88a
4aa64c17
740b61c1
426bb4d9
784dda93
650527c8
520e1389
4014eaa4
4f609678
503d6583
44826923
421d3019
558ce6cc
47c969ae
50d6ab51
5cc6a113
697a7f3c
4b192ac2
6bf9b0aa
742dbf2b
476b2449
5cf6980c
61722b0e
60f88a59
61a4a5d1
749e436d
6a14dd28
51526b26
5bcafc3c
536de1c8
5b131e4f
7a717362
43aef963
59b0e0f6
57f70599
4305a7bc
4b38bc5c
4784a41d
6cf22efa
739158cd
60228fa5
6ec5c6a6
5e885bc4
7c9ac53c
640257dc
4736c2e6
6d3c7318
42f89f02
470fbfca
46ba6ea8
69e203b2
54dc7798
4adffcae
7457828c
4524e4da
7b7f7488
594c2fdf
53671369
4aea8e59
67b1ca68
530535b0
664184e1
68785d32
656b402b
5750aa54
4053bcad
73926430
7aea94c4
598e24da
5843bb99
6faa25d7
71460f67
6eecffe0
584cf5e3
62ab1c63
54498070
65ed0043
6b9de123
4050b7f8
48ee2669
606bb3af
5dc4b5d0
760886b2
4a5771cb
692d714d
68c6be22
4c210d67
4054bc1f
5e1c62f2
5274ec1a
504f98d6
58cc0acd
462670e4
72da995c
7a876273
48ec2e47
52194a55
6db09342
633a7c03
55edb6bf
4dcfdeee
43cd86c4
48352a65
7abfc39d
739584bf
463b2acb
78852c61
5b17fa1f
73a4044a
6939a3f7
684d4932
6f83b6bf
474de8b7
625259ec
7a85b7e8
5f7fce4c
427e4c0b
60d2daa4
63052126
4c8e1398
431ac450
4cb39855
735267bc
407a4ffa
436f5a70
4bd44053
5804b5d7
6173af00
44fe2b5a
4c83f155
5985df44
5ed897ca
403fa7e6
50359022
492f461e
51354f69
6130d20c
61a7706f
4fd65f95
4fa14067
5b9c57de
65a45331
6952c1e9
5b216889
6675f102
7bd2ee90
43b7fc5e
744c7982
62f40cb4
4b4de9a6
41eb2853
4e851c6b
75b62e55
643628d0
7cd3c58f
5b62d839
680be2a9
44b7a3c6
5328d16a
655db3bd
5b998a12
5167ce27
5df696fd
470a1dd3
679f3c5c
57e0c22e
51d843b0
71713da9
45dc0365
4b4ea114
6293f88f
63bf94c5
59f70577
68c9bbae
4351032c
6f5faa05
6ab309ea
6f817e8e
4ca653eb
7556f69f
73c11b41
572ce66b
41c46218
41a2024b
41723c43
6154ddfa
6a319fc4
4439b8e2
5e75d27f
6d456d52
4e02db02
63e49c2b
40063f54
7c302a90
52d9fc4a
7cc55eaf
4d6b9ba9
51daa6da
45edce13
47be8cce
43f733dd
4420e886
77c0f0d1
5076a6b1
7b4d38a3
685af9d6
45c5d17c
5a864c06
58dcaa43
66b3b216
4a4698a2
76ec87fc
50062aca
40b980b5
7326dac7
42b60fa5
54f3e837
585a6ba4
6b80c632
7711acd4
4fa54160
4ab2fa7f
5291b3e3
56c12948
6caa026d
4df03380
54c0686f
4427858e
74d7d09a
42c492c5
4b354c38
6fcc965a
5b3a394b
6cf3c4d4
771a833f
4d5d6fac
418c7e43
40c4934c
4d1b7fdd
69b4d290
43bfbb77
44e30a88
5aacc576
766f574f
57fb3585
61bc3f06
5a04628c
67125e89
699eec41
4200ed9c
4d33131a
7e901268
57b2e32b
587fc961
53699ec3
5be1e98d
4283e870
5e06fbf6
5f38bdd7
546f2e8e
40538eeb
6645dfc6
7d6edf49
453d8f6a
6a85b296
6b4b9bdf
4319b2f6
424d20b4
6a3c5079
54f4ba4e
4cfb13d2
424ce505
71418988
4ad319c0
746f2285
4abe7555
5aafb7de
50a98422
7976db1f
76cfe13a
79f6c8e3
6759f8aa
69a449c7
45fd3f23
749cb18e
6f88692e
678ba223
5fae9810
7c6c7f2b
50f7ba19
56229c3c
71c75426
60ac72b5
531bf474
6b341958
78e272b9
646d040b
43065866
55d5abbe
792b2b55
45e5f51d
4e9d8c17
43600b32
6856e0fd
6a1c4189
4a60660e
47aa58ff
498e53a7
70f60254
5e591312
6e894646
4037414a
7d47a6db
7d1efc63
61ebcc8e
5171de1c
6a9c05eb
7b50309d
430bda22
673c8e25
5d904817
70f0f9f4
4a776ba4
5f2e1e3e
500a2a2b
44398193
58e83438
45b4401a
79433b82
7875aefa
65e0471d
753551d5
6d71c863
57abb087
7a108466
4afb0c64
737dbcfc
69a50332
48dabd20
685881fb
79c93b71
615bfdeb
76ad70b8
56126899
66f3b9ae
56a23b37
7b3f353c
5d683aca
6d77aeca
6293c66d
442e59e6
4dca6922
68455f20
788212fb
5435871e
59ab55ad
54cd6b32
63a59603
669a9424
5ceb0d4c
4a824fad
60846bc6
421db038
6767a08d
59dd6239
4e96ee43
411e7b03
47e23d39
509e8e97
54db3c11
6c70142a
4548c899
699a9622
4afea8b2
65bc727d
5ad42cd7
5159e69a
6ae65927
440aba97
4abe6dc6
57e44c2e
644aaa36
48e2a535
4e058a91
41408c6c
678b9962
7f29ef69
4f099e60
4a5ab295
50b19ebf
64df3606
6067395b
42d1e64d
4ff23770
4248faba
524c8e6e
76a5e953
5e503649
5060e7c6
55fef88d
64a844e9
5e2f0ba6
6856765b
5eb6b7b7
793c7d73
479b7068
47bc7ecb
576dac34
72a89d20
6eceebda
68b60a61
529d0557
40a0a864
72a11424
7e4976ef
5f8450fb
467bf429
55e3b7e6
6bac0deb
4ccc52ce
45784ef7
79992c99
4392bdaa
76c54df7
4b538b9d
66097a75
53c65aa4
4ae7c356
4e972d21
690bae46
4712c814
539828de
51c36def
7d69afea
49963b56
4c30524d
61ea71fd
43afb72e
6b710c51
5d2bac7d
6b1ad204
6b832890
50212c93
4dccbb96
62dfe79d
59c77e4d
41d27c92
4985b556
7bb4a6d0
49f42537
65a5c739
74a6fa03
7f431faa
43ad9ad8
6836e78a
4df57198
66b7f056
5b033712
44362620
7d26a797
49fe45e2
5515337a
43640830
68909c52
54823a55
56e48624
42a9876f
751d9208
655cadec
6d8536d8
6c484226
43668df7
57742639
6a30334c
7b5d32f9
63cab5af
73c29c6a
5096fc74
6a7812a8
4b0466e9
43e53dd0
666f1fda
444cfa60
60784709
78960b1b
6aa0e41e
7ec137c8
48c6105b
5cd45d41
65ba35ec
4b84123a
677bb553
433e9f4e
4b9040e9
5c49b1a7
484fd4a5
4165fbac
5a5c6b33
7a2ae63c
63d38688
41e6e87c
58f3edec
5bdb1865
6f98ed30
70099213
60e62e0a
6d026105
533a5413
454c58f7
65834ec1
4db06c5d
54adb29a
6ca5381f
4e4e741e
595e422c
661afb86
5bfa007e
63f73429
430e1f0f
688445d9
541f12c3
63b85b5d
5bcba6ee
410d8ff2
70958f7c
7d11a4e0
5624eb1b
5bd9a260
4f9c1c2c
477a4494
5340fdd7
415c6c3c
6e01279d
63085600
59af287e
588b8973
43949d85
49bf0d32
5e279c87
5770c666
5dfc6058
44107802
4b1416d8
71bfdf0f
5783d35f
4c6bf113
45ca989b
774ab6b3
452234e5
7d44864c
7f4602f3
527b536c
761c3734
63bfff68
7ec759dd
5518bfde
47272ed2
65c89076
6fe37e7f
4d2d4af1
573ca37b
4bcc0647
4f4ac3a8
42ede855
795b28ac
6278e6dc
7e22fbe7
7565b509
68999f4e
577f9a4c
61f86317
4fd0f7b6
6ec5402a
47f4d26e
7e3cc1c3
5884f2c8
47c4cf85
63f2223c
5f71dd98
799cb962
79fb4ec1
7117eebd
61d1cd66
468f6dc1
5086aa94
6a4a2a7e
47ff64e5
41558cc0
7e086fe4
46f64de2
790ba545
61f3499a
628d7037
74660217
6c903c91
6ae47156
454d4bae
458a515a
73e24d73
51d5b390
57246d1b
5b905bb8
694c6688
5cdf1454
72899d8d
5773ada9
444d728a
7807fd4b
49607e31
5e292b37
74b9d93a
40284468
75eed7ea
462685fa
5d1efc17
721c5f41
536853b7
4406c45d
74805994
5de358ad
5af72969
759febb6
63e178d3
5291aa56
5c4a23d9
4ff8f2b6
75f0a4ad
4714a25e
45d069eb
420dbc3f
4aa15209
6ae2c798
40d8357b
65b3f796
70e51ad8
4f533239
4141f155
5c2cf8fe
65994eed
660ba84d
71fb7a40
7e44603b
44c76d91
43d6e0e3
75b66b9c
49b97fec
62252667
54a01970
5950dc55
5c805593
6fff2436
495b9210
684a08ce
6fd7a42a
4d25147a
46b346c2
6b030fd3
430a1423
423daa11
42e0a7e6
55eac5ef
57cbc042
7ff7d37b
7ff4fdb9
7010e02c
42c7c141
6da1f4ae
459afd8c
68c5b457
4b8cbe12
4fe27cc3
70710c30
70446e47
4619d661
4b7ead89
6b252cc7
41e82ff4
5fb63db2
6fe7c64b
4a273d25
5afa14a7
581a9497
5ffd11ac
68644a02
487e84f3
5e27ec81
74e4de1b
4f3d9f13
64b3e060
46e73192
5b0f7348
5fa29eb2
63c58321
6003e867
5f32b0d8
47752caf
4c4af29a
65ae3f57
6d74dd03
4c4753e9
4b9459c1
4b8c3400
4510fa41
462825c7
525ab144
577505d7
44e1d9bf
4c8d80c6
68e5f49e
50d26f0f
6e2b895b
609bb369
4e2ba94a
4c217e67
5654290f
4e736e63
52d6ab30
5a265224
6f9bb23c
6f8fffb1
78589804
56ecc4f6
5dc1263d
5ede6125
5ccb1043
73265844
4c367f87
528918c1
6c433762
562e0d1f
4a24e059
61fa9681
7577b30b
65d15494
48868c11
62ad7666
4cb1fd4f
4e0a3045
69f602fc
48f5340c
52ac67af
5724dc1e
41228b1a
669b7c82
69ee4fd3
4cde7703
48506e3c
51b04582
73e142dc
595dd0c5
4b3da2ea
57cc0c42
781a7d03
40982a4e
41c6a638
423636f8
642c6a06
69792117
518a4e94
7936385a
6a5cab03
6c6df89f
5c638efd
71404f33
5ed72fb2
5c280c77
7aa41b82
4716f208
77b17107
7844c616
61ef8917
4a87c3e2
5447a292
4887f2f7
50127882
6d70203c
57dfea85
76c9a0e7
52037eae
58166379
73817b1d
7e6db039
4a4089a6
66e6ab62
5e8e310f
49eaf3ae
504c0e0a
54316782
4feead09
4f5889c8
49c654ed
52b118ec
564a26a1
40f0fa4d
677bc20f
7f12a892
5b9cc01e
6bb400be
42a84ab6
7126ffe9
728cb160
502b58c8
74c042ef
44e04f6f
42ce92d0
40a435fa
44dd2685
70a02457
4ddd1ef8
58bffbf2
59579b30
6b8d4ecd
67ec1829
472a1e70
41930c2d
403fe0cc
5ea7a625
4f3042c9
6674a78e
46eaa01e
47c26b29
626a3331
574763b5
74164e26
52ffd82a
41acbc27
6ba47cfa
7c5eb90b
5766d711
4cb7f79a
5ec5e589
4f18553a
4057cf8d
789f73f3
787c6aa6
4d1e48e3
5212a6ee
47e60749
40472887
5c002e1e
4e67118c
73b95696
6b410fc5
6f921741
6e3dacc4
5f505b06
4d3ae021
720610b2
497f3d4f
5a084e09
70bed38a
4245bfe8
688a7b08
7ecfc9a1
530fb50f
5c050f80
7259d0c1
647d0a51
4261e22a
7321b823
4bd9201d
77e63e3e
5907d090
5fa89832
5be3e07d
6d07ce76
7377284f
637ea9fb
6199a456
744a309b
4ee488a7
74d0801e
419b79f3
445c45a4
4462a895
576734f8
7845a8e2
4073596b
68c303fd
4f7134bd
5313778f
6996564b
4a5fbd59
6224a4b1
4aca9d41
417dd228
55df1233
5ae64ea9
68da95a2
684c3e9b
57f9869a
466f7f0c
52691bb8
581b7960
76d301ca
75c41050
48934ff6
4ff7b597
43430d4c
5e3cb05a
45d09e0b
6432ccf7
4210748f
7268826e
7e22d5b4
55401e7e
563d4747
40d3f0de
4d7e82d5
48eb4385
556dcf59
55035350
42e45c13
6b337ef6
4d278262
4d95ae9e
4a15dcb4
41630747
61cc783b
40f0bf69
54d527e8
51ed7ee8
410e0685
703adf3c
5d7b7125
448b7da0
69a0efec
735e0267
518e1575
4846d60a
52e08371
46be8c10
4b6de1d4
75476d48
61917726
449d9fd1
51c80e1c
61e38dc9
7a9f6d63
696b3a95
4a52f7ce
6a4fc93a
777ff1c0
60b308db
74417b49
5270becf
5f14e8c1
595ddab5
4d168dda
430c2f20
5187f0d1
60f277d0
509d8bf2
5f23792a
56f0d57f
5b3c5c2e
5de34255
73d12fb0
5cd89776
5b108d09
489f21c2
4347cf5a
567017d9
516c7530
769929ab
68209b25
7afc14b7
6bce8110
659ae6b8
6fac484d
4bc31ee9
69efd825
6c8a1c3f
5f9d5df3
6950ae2f
41839af9
567c6c47
489f6c84
47ba7113
729bb572
6868ec0d
5f195400
56e352db
5d197aa0
46b9a234
7320ea6f
750efc17
411d5652
53801c30
66bcd2f6
4d3a72dd
6cd1dfe9
7dce5637
43a44d01
6a4cbaa4
50093712
5164e37e
486ae476
4df4030d
50464481
6b30873b
4221bafb
59816282
7cd9b123
6469adbc
78d25dbd
4c8952bd
50805859
7f0695df
4d165c39
4ce09d0b
41df127e
668e1a23
79893b99
5e33ddc4
70149145
6cc833a2
4949fbad
45d65346
51ce78e6
792ae114
4e80b18e
659b77c9
68b3a108
6492bfbb
6f5e367b
7ebf9815
509e6816
5f9d9c4e
7cfd69ee
70041b66
60142e6d
47503179
49bf5a2c
5521ec7b
602d4a70
450d225c
6e48951e
526df264
65909279
733d2dd8
7e27bcb1
59f2716f
6a7248fc
5ef00303
57103c7e
6f67ac0a
572f83ac
48132196
453b511e
41412a27
64904193
5a8bbdd9
5cfd53d8
45ef41cc
4de734c9
66d9d2b4
4fc108d6
5498c70b
4c098874
567829bf
66ec637a
6c93ec28
5420905c
48d5b70a
599bcaa5
50186823
63b60aff
61ee031d
4ba7e850
521b2010
66d085dd
4eb97d6a
578c2175
48f7464c
6019f09d
6dabf239
56c4ee2d
5c474bc3
57e499fb
468d6088
6cf4a5a8
6b1fd4ea
67257276
69522dd7
4f7cb0a7
678b4445
76cf4d0f
5437ce8d
450e8328
419bc3f1
407c5352
407c5352
407c5352
407c5352
407c5352
407c5352
407c5352
407c5352
407c5352
407c5352
407c5352
407c5352
407c5352
407c5352
407c5352
407c5352
407c5352
407c5352
407c5352
407c5352
407c5352
407c5352
407c5352
407c5352
407c5352
407c5352
407c5352
407c5352
407c5352
407c5352
407c5352
407c5352
407c5352
407c5352
407c5352
407c5352
407c5352
407c5352
407c5352
407c5352
407c5352
407c5352
407c5352
407c5352
407c5352
407c5352
407c5352
407c5352
407c5352
407c5352
407c5352
407c5352
407c5352
407c5352
407c5352
407c5352
407c5352
407c5352
407c5352
407c5352
407c5352
407c5352
407c5352
407c5352
407c5352
407c5352
407c5352
407c5352
407c5352
407c5352
407c5352
407c5352
407c5352
407c5352
407c5352
407c5352
407c5352
407c5352
407c5352
407c5352
407c5352
407c5352
407c5352
407c5352
407c5352
407c5352
407c5352
407c5352
407c5352
407c5352
407c5352
407c5352
407c5352
407c5352
407c5352
407c5352
407c5352
407c5352
407c5352
407c5352
407c5352
407c5352
407c5352
407c5352
407c5352
407c5352
407c5352
407c5352
407c5352
407c5352
407c5352
407c5352
407c5352
407c5352
407c5352
407c5352
407c5352
407c5352
407c5352
407c5352
407c5352
407c5352
407c5352
407c5352
407c5352
407c5352
407c5352
407c5352
407c5352
407c5352
407c5352
407c5352
407c5352
407c5352
407c5352
407c5352
407c5352
407c5352
407c5352
407c5352
407c5352
407c5352
407c5352
407c5352
407c5352
407c5352
407c5352
407c5352
407c5352
407c5352
407c5352
407c5352
407c5352
407c5352
407c5352
407c5352
407c5352
407c5352
407c5352
407c5352
53f2f02a
61db73eb
72672476
5576486d
4fe14102
60307f5c
599a8fbb
4e01dde2
5e2efdaf
712e6c1b
4f4132db
59fad378
638ca6f0
4ee47016
585e6fbd
5cd760b7
5c91d448
61a31f12
673431e4
567d5bd3
57a66507
6115930a
7c0ac8c0
6118c1f7
48b2054a
748069fc
623a7965
52234b9c
4a82e17f
70c38c24
460b1db7
6329cbb2
44b2469d
76531a39
42393564
6a25a00c
56eed140
6335f19f
5f9e73fa
7b04d0ec
428fae22
4c6a0cc8
7c942e13
5ac3e579
4c04d9e9
7157e658
59a1d0fd
4c651c8c
444c5ff7
543c9b0b
7d565be0
5c4b42da
5ab6dcb0
550d50dd
41ca8fa1
4603a071
52044ec4
521eaf12
63a39a19
4b12816e
4be24ffd
5379dac6
527543e6
55ca1e1b
7c632edb
5cd9de56
7eebe6f8
5981e412
76c900b0
7193c237
7c257cc0
611523d0
51d966ea
42e71e62
4f75ccec
481574ce
5935265a
42f1665e
625761c8
53674823
51b32583
59e8d118
5067167f
714fc2c8
64a52e19
62aaa472
52f8e359
6fcbb8ab
50d9b803
453ab775
5ea640b2
4f00d9d5
689337c3
44e0b4f0
590708f8
6b534e99
55b89451
54040b47
5a433baf
487f0456
7090d9ee
7364166b
527040f2
4c9bf2b6
410299bf
5a2b2abf
4c080b96
501917c3
4ff94921
5bd4786d
62e79aca
42aa7ec4
71b2b901
645d1761
4ce4805e
477551bb
4cb5f5f6
511f74e7
554f291f
5d76b200
4f1e6c5d
734d5069
54df71b4
4e27740a
6bd1eb17
4af6a90c
54e713de
7927db74
52b90a11
5890724d
523b3a68
61738534
43d8b599
549f8526
5ac78546
77917c5f
653eb401
61ec740d
79c93a09
556eedd8
7382691f
52e2fc57
4c410cc8
61a9937e
748bde0f
42bca15b
50bc63b4
52caeeb6
41ad0bb0
72c0d698
68a4ef41
6559a02a
52df90d9
4dded4c4
561e9cd4
406a5522
5b1539ad
6e77d5ee
5f23d3ca
739eec32
54af5c7f
44f6add7
5c3d30ab
56b57cea
62b2522c
7e6f6b98
66523c11
7397d208
53c24e00
534b1d29
55307f6d
6137b2b1
722ff519
552f3a01
759a717b
4d1b2613
7d6983bc
7dd8beb7
56a70c93
6032e5db
4a642baf
515dbcc7
46a0c859
60d9d340
4a2ef53e
6ea99bed
4223b440
7b1e7ca0
56423d5e
41f6abd4
5c17b57d
4ba0f9ad
4600c041
48863138
74dd4ee5
50698166
74c34596
646e75ab
502261e8
5e6a8c78
4d9e9512
41cb5667
59eac482
4b9282ba
4c1c995a
628f9364
6f291913
5fc3e4b1
51a52ca9
4e4b1c4a
5035568f
661f3f85
5efecde5
668c0262
4f312098
626e43e0
67808324
585e5d04
56d88113
586bae7b
7bfb6ba4
53962870
411f4317
4c47598f
77eb2149
789291bb
43a47eeb
7557059e
5870d4ad
5a047992
5a7abebe
536b7a67
406d03c3
6c095bfb
4cba2b88
72db9a02
663010d9
72e4125e
710e7cfd
45eedf78
54438fc3
5e13254e
6dd4d21f
61a01b18
44f5f401
51390d55
5d361c68
689990a7
6a05572d
5ad6fa0f
49cda326
61153f58
5dc6778d
48a649a2
5804afd8
5cc90ace
41668be1
644fa5fa
52b22ad3
5fdc22c7
6b7ff61b
50c7fb91
51edb20e
4af27407
70b86527
5c309950
5b59fa60
56b39d52
4ba1c4db
62d9bb43
57c2a085
604b3e5f
457f5a6e
553e6d44
4a866ced
55b32a65
6b1ac831
48657e15
40f365a9
5bc216cb
444f1085
544ddc27
42e0ddff
61ab692d
403a854e
51840931
5613095e
7c70a302
50969d17
6076bebf
4cff70ef
61d05530
6694c97b
5b50a538
697429b2
5998232e
776948a7
57df5380
4ac20746
77dd62cc
46fdb3dd
6cee439c
4eeb99aa
51757d52
6de1cc96
6a76b2b9
456ca06b
7d7c3275
52b7bc64
4c9fb1e6
43591d31
5aaa4670
5174d4d4
752b22ae
53739a1c
433df4bc
436474e9
4b4b74db
559748a7
50eca34e
5ae169b0
40e0bd45
745d2680
632c9bea
542903f5
67f0bc82
51e51675
61340b2f
42361cc4
5975f1e8
4463b148
52b9335d
6382f894
788a3c9c
406e819e
555b3c54
6e0ba72f
611b7472
4ab22db9
7bf4a87a
4cfb331a
5a32d1de
4827db65
591222bd
5302d8bd
4177b435
5c31dbfa
5aa787d7
4e170c6e
517112e3
7240e6ea
47a8cd78
5761eace
62705eef
73d96d2c
6a75b68a
6395f8ca
734ca036
5b0971e8
6573c474
43f3e536
57bd23e1
5d772de4
73e4257c
7e3841bc
753eef2d
6d2042df
528343e9
628e6372
627cdbdc
46463242
579e317f
73403ed1
572ef3c4
4de93848
6779f4d6
4ed3de14
77e1fd22
519ad04d
5e2335ea
6af00e98
4b35338c
50058efe
77f90652
41010ba5
4d0b915b
6b6f3171
786aeca0
44decb6f
4cb9631b
7342ed72
424e2dfa
420af0e9
4ad47593
688a9a83
7190c071
5618db5b
4a9e4900
6f3eafb0
5bdf99e8
47fb4ca9
76352d63
6be66f7f
79182873
4ae59e74
55cb2a43
70d8e7d7
43485edc
59faa15d
4e5c8d4d
77208971
6ce8b0f2
50814fb5
63b9b5f6
5f9be315
7a03b95d
4643d1d2
5300c709
63442826
5db498f7
664553c5
51096f10
7099497a
66bf792b
44c6b123
4205ad89
40de8433
5ff8cc65
6db6e80a
683c6283
573d1704
47203e57
5e41ff8d
44c228b2
42324baf
5cde334b
5f6d28c5
694f2e43
5349a62f
487d3cf9
782fcb6a
69c28ca4
4561f85a
76dfc859
4e35d4f7
5a744fd3
60477fbc
655a1e42
6cbdd7f5
60b06146
76347b89
52fd645b
42e04579
544e0198
5c5f8387
46674e05
47b4dbb8
4d7dbb63
659002b3
43cb6d38
5231f651
458cb280
70a47103
5311eaf6
4c46c5fe
4b1e7399
67e56cc6
54d8bf9c
5bd4901a
59935bb1
5bc1660a
59724a65
51af8904
53cbcc75
57a74b30
606c1928
4b5dc077
5da8abc1
45644a33
6c430bb9
62c2dad2
662843bc
58b3d760
45f9d4e6
52902b1b
700a9c5f
65062fcd
4b2de139
72c4e3f8
6c9bcb94
575cd2ed
645c4b19
565e2150
69ce2629
51e8de74
48c6e0b1
4a62d90d
5807c5fd
438722a0
59504907
4e3b8210
4555ff07
62903312
6016b9c8
4a511db5
60fc16b2
48d2a268
463fca80
6554a3d2
698b4c35
5a2cf076
510d9885
5bb14e45
5ed60582
64c3a497
4f36bed3
567513ec
7e75e8d4
71a52603
4fd0641d
45754707
4b64d0b7
57657989
5a4afc22
671c5310
51247868
4964fb6d
55b90999
4a36f1b6
5b62dd01
5df22e70
6cdeec8f
6deda56d
77e70017
61567879
45f5324d
5c278407
6776c5ea
57811a4e
74d1bda3
5ce30b4d
4d12dd12
7e7908e2
4728c7c4
5627cae4
4a7ae96f
4e4bbb6b
6f5fd5e9
56882f1e
6c9f11a1
5ba76cb4
54b5d9bb
4dec4744
5c5820af
56e3fb35
7874a3cb
6ec6373a
4a8d037d
5fb95f97
79bc2263
5596deef
58d0f6d3
42b8b9f9
5727395f
7d20949f
7a64c2c6
52b2e8ca
65c7dba8
451665e5
4f94ed8e
602faad1
56b03b30
529651e4
6063cd66
4cb30802
4d7e8b85
4aac0316
44501d3a
4265fe36
52c8ea3a
417ace7b
6c4b8b3d
5ca5207b
7bf0a129
4c53c4dd
531673ad
4d030b3b
54257fb0
5e964eeb
54835044
692a259d
47867dea
4d7b68b6
616aac7d
66292230
59be291d
727ca6b4
5d7422c2
64ea0821
59201e59
4ef66659
62f7967a
47bf8aab
51e55307
53897eea
56aeebdc
609358f2
4f871dff
557e0e62
69f8e4b7
77720d8c
598c3076
48dd7264
5d26af54
53ed8cda
67593970
64629c47
4cefda03
57f80e07
5a742aef
5ab85203
46c5f931
541c33e4
49fa724d
4e18a357
532897a4
56ab295e
6d25fdbc
7fbc66d4
7189ad71
7b4a8e5d
71b622d8
6455914b
4981bb12
4c11dff1
7c7ea045
4e08497f
5da0efb5
4db4979b
662af0b6
5030b744
79ac7db2
7db46992
70ecf3a8
41c93288
4c892267
555e25df
4f374038
6eb34eb0
648feaa1
73e713fc
4691fd28
6368ab8b
62952dc4
5baf9cee
45e9015d
55640514
710d97ee
478dd999
58f7260f
4e9e7ffd
58af8aad
63d75aaa
69c3398a
4f930e83
785abaf9
7847dce6
4697568f
562ef592
47fc46a5
5255b5b1
5ff1499d
55fc262d
5867440d
576a7f3f
68a7997a
7b3539d3
7dfe93a5
43e22b85
748e9726
7bb0ef86
46623624
58d920ff
436c0080
45c70c63
6666ec85
690f59f0
6aa6456e
790a27e3
4c271b27
6d0b0b83
4758c1fe
4fd077ef
4ef1f5dc
746c555b
42df81ba
4f13f507
7d990da2
57275835
47543c94
52d37ebf
6f4c63b7
59f74055
6a524935
52a73565
5639690e
41b4ba84
64a5476d
57741c89
68ebd2ba
50874957
59a13382
4099b909
53aa6ac5
5084ff7a
6a558d9b
614547e3
52b1eece
6ff10130
49361f87
437b4f04
5091ba9f
56f6f329
4eec3aff
74400218
584c651a
507c47cc
498ca349
59cacaee
5ceae5a1
5011e06b
5c93e5fb
5e763c8f
547fb337
5899583c
584f1709
59f0944b
4acff1d0
43f34e9e
45ae65f5
670b0056
75c75b9e
5962926f
55b559d4
49b25a7b
533a6cde
56f56135
56dc901a
44bcee68
41cd3af4
5a558f00
5d3a630c
5978a83e
6f983a2d
4b457fa1
4939e3ac
520628db
5fc3f302
45a1978a
62b9d34d
42fd9a9c
424d8535
6b549e7a
472b44d7
52c01677
560d4900
485fdbff
5f3def44
5846881a
4d616951
68ba7299
69af160b
5d867005
40457b90
44e84462
615dc431
4afb473d
53968e4e
6577c269
5bf44d1d
4ffb58a1
5da30c6c
41c2cfbb
405c000c
5722f1a1
692fd2b6
57420131
47a0e212
55316cbe
4f47898c
692dd709
55f1d9ca
579e9529
611c1394
607cee57
57d6915c
464312c1
559f37e8
4aaaaaf2
43c1e02c
46d9b0c4
6eab2485
630c8380
588ca17f
56db8d4f
5e6068d3
4740dfdc
4289f767
4f87e92d
5a835215
56a65e93
7b12869a
793a14e5
6bf68483
58916d63
7b6673f5
4b200ee9
6c2b8b9a
4c09468b
729757f3
5e7ae1e9
65687ea1
57dcfac5
66b39812
45b8e42d
585dbd56
6406433b
68f1f869
46549bb8
64372bdf
6856fc15
50ca111f
575e26a9
4e6edf84
58cd95cc
416ac781
5a9d592f
50f05c6f
577f1311
6e3b16a7
698c8dc6
5fe2d686
44eaf8cb
5cded7ee
440578a3
4f206549
435d527d
59ef23ed
56797dcd
52549905
56278ee0
5cecd270
4fbf7132
54a9747c
5ab32b44
6a279bb8
567e2701
46f28c54
5682556b
4c3aff53
70033cd5
47f2065f
6753fcab
6c0b8181
4791f1fd
7c958a9e
49aa2f36
6ba60567
584ec2ca
7990b77c
7c72f756
65ae9ac7
4df68296
5287c8c6
557e5aeb
65c0286c
568528f0
79d4bac6
568a56d7
6a2907af
56ad2b19
70b64262
501fdd20
64efd383
4ca66257
4d6d4af7
473dc3a8
41bbd467
629ae553
4743714e
4e952814
4b1b5e8d
566c2153
50f3e375
586430a8
491aa31a
4281f0bf
49fca972
4eac43fc
552079d3
65e67c8c
5f1e1c3b
5c02afb0
6448c3fb
460b0957
4706fab5
473b0ef9
6f85247c
57950c3e
4fe788d4
69cd5345
6d75fec0
693cfbfb
78aa31c9
691ede24
57f433dc
59359854
4fe5e04c
47c33f65
407556f4
4d5a09c7
488c477d
6e0cd22c
7bfcd827
70ef47fc
4f2c4054
5d85c205
58798ab4
57577f95
4b67cac8
7be9fbbb
416857a6
5c7bdba7
648cd73c
4c05ddce
4fdefca6
5af791ab
4e53f58f
7f6fddf8
5de7091a
5cfdd3ac
53f384d5
6cdfc8cf
4d7c26ad
45e4d875
62d0f544
6043cc1c
51ae5b46
726534e6
4da647c1
60bb71af
4ba950ff
62a4ef17
60defdd9
6084bfdc
4851eb66
50bbe50f
6d409a9b
4bc715a3
4d09eee1
524cc424
55b0b661
4c9abc1f
5b9c458b
4ae6a687
50060809
6a79abc7
76b57937
6e54cb5b
426e7360
5217953d
48f6a58e
499a6969
46627ff6
6926c0ed
425c6562
583483c1
626a50db
5634675a
563108c0
58b01087
7c1055e0
40a0bac2
4c4f2dd1
501bd7ea
57788c25
59ac551d
53a6a33a
5869804b
4375bb0f
708f25a3
6f29d1c9
591b9fbb
7f34b297
78e3b1b5
5a93fd62
64852de6
54c21086
4ba8d7ae
60efa151
6ecd5c73
6b1f35f4
6cd3548a
6eed0e36
424cb2a2
44e48c70
49d1d106
7cc3e26c
60a68266
6a5349c4
60d37da3
79ad6924
78604b33
7f3312c2
4e1ef3fb
72274afe
59de342a
70c4a913
4fddef88
614b9807
6c97a81c
4214663d
4829f60a
4c6d7a61
77cc6938
5169fe3f
7bbf2b39
6c47eff7
4e4ef668
4bf2b87c
43a2e6dc
71c1e18c
40fab0e0
44249a79
4a96fb56
4180ec93
5d840ee5
517d241a
6053d118
7b480570
7447c34d
768ba025
454af433
47f735cf
763e4c3d
77fabe81
5c396224
4c1209d7
491ae1eb
4899c05a
72f1f9e9
410661b7
4405de0a
4b20ff63
4da3ea24
49e53e76
448b023c
47eb69a1
45da9216
417af875
44109313
7a5ef06b
7f85edca
56e73aa5
4d1a13c5
7264c8e5
6e08d00e
771fb75d
5120a903
4442521d
47bf30ff
516656fc
50c97395
787fa981
7bcbe588
4db34352
7e4e531a
75b3da1c
65e9080d
4973401e
4485f175
4ad56256
439f7c07
7e81c5c1
7f7a6f4f
768d7a40
7e4718b9
6790e028
578d54b5
6696788d
6f6f6f91
450519a0
7d41e22f
7523ea36
49a4a36d
551fddbe
43ab8614
64778575
40f085f8
4f8511fe
6d478b3d
4595ba25
7904d1a9
4578cfe7
566daf2f
4162eca1
40869134
47b15e1c
68a88a7d
6290b958
730950cc
48ea6083
4b49a657
40ec2fe2
6c4df726
4609e32c
5e5d1514
736adb95
4b82cdcd
5ac989cf
4e2f90e8
5f357ad4
65f610c7
537879d4
7718c2c5
757cdad0
47a3503a
6a13cdc9
5bf3de41
57e26988
7802f9b8
5c371b66
5e032684
5e4e9b48
4fc4ae5a
4abdfa2e
494c94b9
50b813b0
4c0506de
58f95818
5f79797f
6340f0a5
6e6dd6f0
507f6740
5fa5704d
7fc91a63
4d4ec8bb
5e5076d3
79b0da72
50a58266
4679b284
6bf70a61
5ffcbe32
7b4f02ab
63cc6c3e
4ea70b95
4c660e5c
6e6da0fb
4ae4452b
4e5db6b5
62f0b7b8
5a2fc556
5c23c444
41151d57
74857221
6b58e678
4376ab59
537247d7
74a66f8c
5a0d98ad
54319289
44939762
7641e96e
521a180d
75563024
63e7cacc
5fe48a71
7113b31d
7b781aee
5faed27d
4ca4a367
79c633fa
7ca09d8b
4ab67c89
6a45fa89
6ace9d59
40ad6091
4ed93e16
402d35c3
72f07c9c
66ab1146
451e09df
4938c6e2
54dd4445
7d153785
59247711
79c31849
455ff9eb
6b887ec7
4f2561ad
47e03d2a
47f7e21d
7cded177
77180928
41683301
6ecf85b2
6a1e6a5d
7b85a698
50f08b9b
64935215
732090aa
4227a098
53a3483a
6b330e96
4e90afc7
41ed8de2
4ee9fc1b
4d6f1192
4599a845
49b506cc
4c5e3610
464a1868
45306534
6e8e4250
7aed54a1
5602c688
7f0458c1
521ac9c0
66a77e28
470f82c0
46ff1777
7e126af5
6a69acc4
432dbf83
4cd51f0e
6be40a4b
6265337d
5e4a447a
46f751df
64146098
54d95be6
47007183
43b2982c
532618bd
4563f3ea
49f484f0
74465ade
4c0600df
7887ca1b
7b1531c8
7c4693a4
54b55356
4889962c
42be1dda
4cc7694d
411daa93
5c99f068
4b2a360c
71da8640
4994e35d
4a416b7d
4caca1d4
5336e2fe
457c029e
54b721ee
43306538
5a0283f4
5c81a098
73a5a845
74f2fabb
42bae111
531fe383
7880912a
7292eb1a
615f1773
7e81f6ad
7670950c
6e2a1c9d
75bcf5cb
44d3dbba
5c91632c
58ed5fab
6ca0819a
526b0c07
44524037
4f0ce3d2
4667a25d
449c5080
67559591
667f111e
4c444abc
64849058
4741f153
4a58853a
4e00475f
58cff83f
4530a650
5303e767
536900fe
509780bf
675511e9
5c89ddf8
4b84118c
4787e79a
4a24a2b3
7bcaff50
74ad8033
433c80e5
5efd0be7
7a47335f
7d96d3c0
56c5b4e4
4845732c
4f6d777b
60233459
4fce748a
69111ebc
6f7c2870
4be6158e
41d22fb0
51f3d49e
586a0730
7b03bed3
76298912
657c568e
6bb3dc57
5f4b2b68
5592f563
6d60c706
4c2da9dd
436b9dd2
4c06fe79
4fac627f
78b598db
7aa53dbe
73d8be1e
41a7bbf0
6ef3e8e8
4b7c6fed
7161a99d
5c47041c
41996113
68ee9097
6beea797
5cea9bb8
7cbde9a1
5ab6764d
7bba0539
4fb42a3f
6d68b1aa
7784575e
4b71dc57
7b60005b
7749b468
777af3be
497b9cca
76786962
43a8f147
43bce2bc
5d7dc7af
5ef756bc
4b5bf1d9
494332e6
7d906440
75f012d5
430864d1
5088fc84
45f4b80c
7a47101e
4477209c
5e5496f4
6e0519af
489bddb9
464ad1a9
4c4c6875
736c2f28
572ae18c
6a74b8db
63fc46bd
53cd7a25
5aa39ff2
45cf33fb
6273604f
42614fab
6aa0c1a5
4c010b6f
4b9abe4a
689856f6
7e7ca6f3
5d6a2c34
57586409
67f59506
6d2588aa
4011652e
77bb39e3
450ecd1b
73a3eaf1
464f63d1
53578dad
618cea85
451e6c13
47783421
417188f6
743f3782
6b2e461d
471757cf
637b2f9a
43f61a05
6e9a6c04
4d4e4964
4a3575f2
41788ed3
67cc9afa
4d8e570f
49e7b33f
404439eb
6df7c84b
66175be6
6706e62c
43d8236e
4f44d420
4573d3a1
69355bd1
455025b6
5be230aa
79e667f4
43aa7c9b
51e43fb9
40471bb2
7843c5ad
40a98244
59c373e3
630d1fbf
6152dc7b
4dbf95ad
68b0a1bc
71f0c8e1
4d512a73
660a0e1a
6e438fcb
4eb0dbd7
6a9ddb31
59fe6cd2
6aa136ea
44ce0f8a
5930e185
69ca24bd
63ee8015
62514f58
460f99c7
5aa10e62
673b04c5
74a7116b
4436f17d
48e7e8d9
79411c5e
471b7b88
4738433e
5b1f6a3b
4f55e371
4f76e589
44012a11
5f900862
7767722a
5adf7506
52b39044
4815a9f0
46c20dbf
5a841f77
63e4e0be
41dcc345
56f229f5
47d87a18
6730fffe
41eb0608
5d1d8c27
4f4d05fd
4c7df57e
48721a3c
6ffc0dd1
4e9cbba0
43be10e5
7229c7b1
417b4e11
7729ef39
7d0bc91b
441439fa
4c8cbfde
446def58
40e999a6
6e33d018
5d972f5b
41312b70
6c6e1cbd
45ea8ddb
4ae79e03
757c8d1e
5ecdfc48
47c63063
593e14b2
48275222
4e2b487d
4ab0989a
6becf8a7
76f7e449
5a1e862e
59c80d3d
557f9e40
7bc9ad2e
4ccc3ced
5d335983
526cef20
7fab1901
7cc8a2fc
50f34461
46d7df6c
7a77e894
5f4137e5
5aa5e202
5660099f
65aba9cd
4c7def60
51706e1b
4a84a509
7466f5b9
7f10eda7
437e8572
4dfceb4a
7a3a734e
4540f69e
41405d0c
72ce8925
533211e2
7941b70c
54df8e9c
4055c77e
43791e56
54c1826f
4f78eb87
50acf374
5408fab1
47b61c27
78e81f89
6458792a
4a0f2870
49e83857
4ee9d76a
529205d6
47266517
4fac68f9
6e4c8c8a
7c491057
4a5aae78
505af5a6
51d47d81
449ed184
75b15638
6d335db6
51229a24
4e727f45
5732409e
582e194a
7ae12ba5
44a51973
66b5b50c
5c3e5006
71192338
7bc7919b
4e46fbf0
645ab7fe
609a8324
49a59a8d
41e95940
566f6832
4b457d38
45b5a4bd
406ad1e2
77f298de
5e325ad3
6c69b844
44321a44
494e4e74
64d9c139
7b957790
62f3bbac
479f3a2c
7ee28e4b
5bdd8fc2
4a6dbda9
7a9c385d
57b81e12
6ed596f3
558c635a
7a113aab
7cf60d03
41424e89
774347c9
7d7a8e43
4071dd24
4c117547
78d1f9b0
4ec1bd79
443edc21
5821e808
46b5a34b
617c2ab3
4924b289
4557b839
55d923c7
78d03aeb
6572c203
4b39b053
507a97f1
59e0cd48
5c8b42cf
496ffe4b
49402147
631a7bed
4a452ada
410e30a9
4e99cabd
45e1a2bd
61337ee4
6d120715
57716baa
43aff1bf
46090482
7bd2636c
5e522173
477988c8
4b74e7d9
5e1d1bea
57441db1
5d5e8ca1
43600291
6cd2969c
670dde5e
7ce4e200
43fcd22f
7579cb5a
6bd32f23
7b2f828c
42ea110f
42547277
51a593a8
64bf362e
72169767
40b857cb
6dd2d251
73f749a1
42aa4c0e
413a98c6
6e06a618
59bd1ea5
4f48381f
47b7afc1
705e081d
54a27007
4a06e3de
534704e5
406d2f49
4bd2166f
5c588123
51e19c89
4aa24b69
5303b734
68691a05
43345f37
481ea3ce
76a8271b
7aee2263
414fab70
6a0e39b6
459690e5
614c16a6
6e23a252
4c814895
4db156df
66aa5cb2
78925be4
5ae54d72
6bf12502
67361d5c
4fc44550
5fe831b4
4b87c95b
5b2deb95
5a4e3a8c
554c85e3
55d8e2ab
6200c749
55c7a6bf
4652d2f7
4d16f253
52d520cf
423145b0
4f1fdbfd
4318e2ce
58d28a2b
50a0f827
5395e47d
7709139e
466bb41a
45b02754
6462eb4c
488dc22c
454ee649
4178ab9a
4ac88522
716d19b4
6ae99cf0
79c8e028
7216fd90
7ea818a8
4676a817
4dff8bf6
41fdbd74
58294211
563f1e8c
78ebe44b
4de64676
4c831956
4740a15a
7c00a8e1
66d8faa5
494401bc
41aa8c73
4b7c49cc
661e7757
6b2afaf0
4e67109f
67e0e770
79a236ec
7f05434a
510389e4
55263e23
572bc14a
5e6ef563
4078e8c2
4368b30d
46c06a51
4d9a5709
7a95fd62
449f4d42
43023e56
573f0f6e
4e0f7b25
423867f8
58a30b09
555992ef
52f6d6c3
75843eec
51eb0c08
677dda51
680f060c
648ed807
690ddfca
4f6d3603
757529ba
569abd21
46c27abe
75714608
7cfc966a
6b0bb969
4220ec64
4a1b4cbf
41c1dfbd
43bce203
50eccb86
64cab8fa
4c58c2b9
4f546007
44523fdb
4e3bebe4
78928937
51972e5d
66b7a855
7d543ef4
4a4329e6
589a13b0
56e20138
483bd65a
5044f255
64fe41ef
49e17282
5621f55b
5a90de74
64eba241
6d5b8948
46acc3af
5637018b
43d2e0a7
6c89be33
4913dfa7
57e23a68
5f33c1d0
5b8a03bf
59058e07
44bba79d
543ab22c
4ec4d369
4123c69f
4393ed5d
5ac23136
6e566a77
7d6e2036
570c2ade
40e437ef
57226d7e
74572409
62437d2d
518952d7
7751aa8f
50ab81ab
5872f58b
512f3e82
74c2fe6c
4a759d27
50c4df44
4f634224
52ebfbf4
676a8b18
5135129c
5dce3d0a
52a141e2
6aa695c0
564a7e73
6f105f52
41b4af71
4100abd4
673afab3
439430fd
466ea4fd
7d5425c6
7ddd1421
69d80f5e
46d22143
59f85f85
6324a78e
581eedca
5c2a8cfa
4a167301
43fe4d53
4d1a71a8
761f204b
4ac9681d
70dc8a18
58502703
7feccc9f
7ad6d92b
4020663b
68b1233c
4ec13d0e
7347e467
447fb229
4a4b3ea0
41f0cc1b
7c77cf62
4ad14a7b
4c19d0df
42471c66
75c9d9d4
6fbba524
496b7e1f
672a4ab5
4e09f9c6
4097cdd7
53f6587e
702e4614
6c7bf339
55aca1c3
6540ea27
4dbce6fa
529c3794
4080d75c
43e244fc
74bfb3f7
48ec23f4
48676366
6067c3a0
518abb47
4fe5f35b
7559ce0d
59f28439
49a8585b
6a7eadcf
75f4323d
687790f0
7084d3e2
572f2c1e
4d1962ca
7af5e124
435508d2
44e6c6f2
6908e665
446037cc
4671ab75
55f4bdaf
538d5ada
45278f4f
4cbbd5f5
4f2fe45a
7fb7fc53
5a1d4d96
41cf4f59
55e5bfdf
6c1b9e83
7ef33156
78ea7d4c
42703506
683eb280
411e7e16
56972ce3
4806bb98
50ff7ea1
474215a8
674bb40a
432199c4
4fc637e1
41f828a9
5e0a7868
768e44c9
7146362d
5b239da1
51a18732
508046fb
5340d679
61c58944
5f389f78
5cfc4352
5c49da1b
602f269a
4afd6f26
6709c405
4a18a45a
6a3cdbef
4a66eea2
4f192e6b
68775fd7
67dc3366
6d689429
4beddd15
5d5ddff8
7fcc9e43
6403ae7e
4bae9246
524d653d
794d8250
4fed24c9
58e0f472
49b88f18
73a8ac24
404a0cb6
658f8240
5aa12e9f
4f9fc8bd
5ea9e2c3
4bc2102b
4feb0704
4c1608cc
4187f724
49333f37
43ded50e
716eb75f
65e6108f
5ae30cbc
5bb8ae1b
5f9290d9
56805a28
4b3ecd70
55842909
5f931c8b
51cc657a
4f363932
4cf39787
4cc21655
702a5d13
5b277c2b
6416b280
47687686
60a8a7d0
722327cc
4dd98532
635cefef
5de83731
4a93c90c
5f3923a6
4daf0d69
4c8746c6
59fe6f0d
432a0e5b
62bb6eef
671fcc1e
5d36a3ad
76ec58c4
65988fb5
7813e015
43ee0140
4458f950
41f4471b
61ed8713
57b0ca86
54e69d87
7e7402fa
7e94ba6e
5feefc98
7be2803f
77c48f6c
50e6e69e
714ade25
6c837f5c
7fd2d38f
4cf8631e
544272aa
67fb3395
6c7531f8
524d238c
72128017
5a5f0227
47e4c9f7
56c973f1
656a6945
6338539c
7603a919
41e147d9
61b100a5
577778db
5c0215d9
69f47047
57caa93e
4c4e6845
61cc6920
753d52ca
58f079ae
7668feb0
50cee0cf
61fc2eb2
5d9f7479
6a73caf8
528a6b7f
64e4ed11
78f9b20c
7f23b870
66e5f90b
5b1224f8
69ae8e6d
50a9e3ec
6dc55563
6f5cba14
65f95e92
44482152
7a128514
4d98f6ac
432217e5
45c6ee2c
65dc2d67
5bcd25b6
4ab344b3
6a58543e
5d02bcaf
70b12748
51563d0b
41f64797
708c3f5f
67468c8b
50e0bf2d
56c915c1
5b97766f
795197dc
4605dd91
466a039f
45d13904
65ea7f8b
7a65c616
490cad17
72f6fc22
6310d7ff
6cb1ff3d
74b94c2a
5324e316
632f5eb0
6ebc2160
7ec68df1
5ce48b79
663f4f75
44f428ec
537121ce
48b69581
59a2cdec
5feadb2d
5dd7eb4b
78399db2
5cb9f602
5a2328a9
49a8f9a2
5b7c2a72
4bf20a5f
57cc5899
707e86c7
6e3749ce
63be267a
4a46a2d2
4c50d00b
56d168d1
7c4b582b
58c369d7
5922e658
58b3ea8b
4263e7ee
472bd06f
5e0c6e9a
61b73720
57c50cb4
7f3f4094
73d46f8f
72b817d3
6d5f82bf
6e1f6ac7
719b7745
4605316b
615bc90c
605c47da
74da5ea4
4e977708
64c33a51
55a1d7a6
425e975f
7607121a
5eac6707
4e8153a1
5fc96299
705b782c
6f1217b8
48d2a6f8
66d935cf
400c9611
69f6621e
6b390919
79977036
744b3dcf
55ebc067
7d4e173b
73fe6196
5e102921
6a680698
72dc3128
6634f729
7b27351b
5011a23e
72e6e479
538186a2
645e6753
735e55c5
67c18e6a
5f2d063a
56b14954
61949fa3
4edd289a
476ce6b2
4dee06b2
5698aa5e
4d654d05
6d898e19
784af51d
5b050aac
61e31249
7b7f2c55
69aef3bc
68b75077
5f08f4cf
51c5c2f5
67c134fa
4b722331
6350f097
7b06f6c0
77ab3871
781d9880
49a9f488
7313553a
4d11e800
53688f6c
5800d858
6f7d9786
630e9c27
75869c0f
7e1cc4f5
4389c373
52a8109d
528e37d5
62d391a2
7e005b3f
56a1abf3
63edc47a
463fe6db
72ca221e
5e6c863c
41af2400
703de99d
5025506b
443589c0
5cb54a7a
4af29247
642258cd
64c90f0d
60d04a9a
4311f1fd
4df332d8
7c7ff4ce
47691142
695add08
62a60bdd
693a60f0
6b92cb61
57be3b7d
676f74a1
7036eb48
73d71771
490d9ee3
4c9cd691
6b42602a
68f215bb
6b049014
55aa4f84
755bd520
579fc2a6
5d6e6080
413b7be0
7b423d07
550f1eb9
60c4ddaf
6083ab52
67e2c54c
6ed64884
5963deed
4afbca15
6cc3cef6
67b0d2eb
63786bce
577eeabe
42329243
5ea58be9
676f6c2f
64ac1b5b
70507613
6794f03e
7ce063a6
44e7aee0
5b5efe1d
548e5415
7e5409a6
64c81623
43a54896
45706ef7
47a3b3c8
67bfc86d
621debba
67006fcb
6cab6d1f
5486486a
5f65bfdb
694f7ac1
4dddee58
6536dc03
51565c43
56e7ba3c
47b12570
4dc6dbea
62c9521d
5746ba3b
768fb2ae
7f079ce9
43989a6f
585f420a
7c7071a0
49c9f9eb
43f68cad
69a8e6b5
4251efa6
7581947a
53602ccd
7be76476
511e3c16
578bf4a6
69d51d2c
499d9386
53600c38
57f2bca5
48c070ba
66369fc7
4e4083b3
416216bc
57b4625f
7d854c43
68f1f0d8
5b2cd77f
433017bd
79e3e030
4bbf93ea
4c252ca1
5cfa5ea1
45a0556a
6f75ba4c
46f8852a
67a8d4b4
46dd5d8c
4c266d23
6f11213e
7cf54d68
5061ad2a
76fff94c
4495e370
7f46cf5d
5050ba83
5654c8f0
580bf8ff
551a4ccb
4bbe45ee
4db7980f
6b90c6ac
532e0ef5
58c75b25
481dfceb
5c50e744
4ec46aca
405b1938
73ef1eb4
41905186
65ae706f
489d7124
56b64db8
57517b8f
52b3d3eb
4f7e9fda
73c082cb
6ba549ab
5bb42c27
563f12e7
7aac9098
4186bb67
44f18dae
705ec7be
461c1453
472342b8
65a10198
5036af61
418576d2
74461c6f
630680dd
78243b31
4809e150
754cdbeb
647000f0
4af7a8e4
5ce8e2c0
4759fc28
6963a9c9
6d958bc5
4af91131
546bff3f
44fb4784
4e7c52ec
63359f1d
433bf129
44ec07bc
65d0df96
5632b7c6
74b21f7e
4d21d76a
45d9d47e
65f7bec9
78fa9193
4e0442bf
44bd45e9
62bd422e
631d1cdd
43a65517
796af825
589ccc46
507b4aa4
53355b82
53369571
4a95e201
45ff5d3f
4e54a03e
56401ab5
7b7048fa
40a8b9d9
6e5bfed4
6dec6acc
75f2445c
67049686
70befdea
430ef6e2
67caf306
4428a5d2
7c75d1a9
4d440979
758109ff
72638ffa
5e01d293
60931498
456fc9db
58fa975a
4d441883
6306c84c
48235d94
4493662d
7222339a
4743a063
52b81bdc
53909fed
7e8151f0
4ad40fc9
5d5d728f
60e8b2cc
5c104d23
43804c81
714f91e8
58d3df01
4937a225
6aff42b1
70877f68
78311082
6423f247
4d35eb2f
5acecc81
75d25f00
60e2d24e
6f5803e0
4978f8e1
5ace8a15
767030f4
772c8d1f
47aa658f
42d6de3a
5a99a146
4eee8f23
76a99153
4e9fc43d
50181d04
66a5a9f4
53723fb1
693eed9e
7524515f
442c865f
41743769
40b1ca80
4ef41978
55243f56
5bd32b8c
79ec6c50
4fa0004f
69570f5e
410470a0
58bd081b
53a7c346
54f3c04f
73373154
4b6f4ac8
65c0c6ff
6f2ff566
7a21a694
7a59b716
56770737
5bc34516
49777e68
72a367da
5f9267bc
72140a09
4832681a
6d034c6f
52986b23
7cc272f3
44b3aac8
43f3bc63
464db258
692ee2d0
4e1b18b5
5ac8980c
52e8015f
576829ba
63e9d5ec
57caa4c4
7eceadf5
41143952
4941f8f2
630b3999
44205ade
5ce5fc38
52d529b9
747097e2
63310154
4920c188
7e944668
554c6a03
63fdf7cb
77ba0d77
64a06f0d
7c628edd
5b270068
5147a796
73756c45
45c268c5
6bfe06cc
4babfd77
50c8a105
40230271
4a3b0278
5ecdac8f
4b757dfd
48ac805c
46270ccb
4547508a
618120f4
46ca921f
73220c0b
434c92fa
65eb1cd9
43450c77
417df5f2
687dc2c9
6be1890d
605ba15e
7fddc8af
4aee9d41
52fe4967
7cf9ed12
53d861a2
4e96e245
69892974
480ff2fe
486451a0
7461dcf1
7c5b1fd9
4d233923
6c197cbd
477ee0be
731b5c24
68324f86
4e43c477
54d7ab35
6ac1307b
51732170
7bd67451
55bbf4a5
50a7a10f
6c6da259
45407c4c
65211510
7d6943b2
4a0fe87d
55a709a2
4a1d63dc
4e995cb6
54fea238
72616cf2
46df2a1b
42d1153c
4f5cfb68
49a4bfce
5f6d6744
4b4283e3
67bf044c
5b6d9b9b
7972a02f
4f8d0543
72dfd31a
51699a0b
5a8cea09
686349ff
40678cc9
5fffe5e4
57fa9d13
45197e15
42e6ed6b
49f14dab
4064c454
404b0aa7
64c44ae4
7acb3b65
7b372744
56591a47
5b616894
597ad377
50ee7548
6fb78dbb
460369a9
50ec497a
7fd0498e
772ee248
514f8120
6662bdcd
528693c6
72ebb68c
5386fbb5
5c1a31e6
46ba9b0e
5b4d0f91
50a59858
480f5f6d
6086430a
6a73f28a
79eefda0
40efc949
5068ee70
4e5f3a17
772a1620
53ec4437
44909774
5c219a05
4c6beaeb
63cd093a
66ba8b90
69c0b47e
52a949bc
4cf88dc1
46cb69fd
479eb4de
437a82e3
7db68ba9
4082df02
676703c7
48182170
49936a76
50bdb8d8
76692954
4a8373a1
45d62fc8
459617ae
6f4d1610
5e014dbb
52b19eb7
54176ddd
56ac97f4
6a42e223
4f8a558e
4780f55c
5f2bfbda
63a2b4a1
5c02fd01
6ee25655
4504fd48
4726aeb8
55f96a34
4a664e94
45468d09
7fcc1148
593ae8cb
553a7ad7
43d26dca
4c6f5cdf
66cb6345
7c9dea2a
64bf5f68
707eeda5
4cac89be
7c5dcf3e
6cb1a698
47d859db
7ee031fb
51c1314b
51e32fa8
47a29ed1
5188610b
4a72ca4b
739528e6
494cb592
541f33fa
597e5a69
425acd8c
41474185
75f16227
5a8f6f71
706dd062
4092bd02
572003c3
5134dd19
78b82540
67e767ff
612be7a3
68221156
7930b591
4a528ab3
5df914f3
49e06aff
57fd59a0
69af85b1
6bd11fa1
4caa82e9
4c193390
428d9715
5075b5f8
531061ef
6523f413
606f7bcd
5ccb4ba8
52d93ee9
460e0332
76c62c85
4f9f70d1
6758519c
6aea1220
4821e95f
635dca6a
76739f76
5c8a08f9
743ad785
5770bf40
5781ec2d
48621a3a
48f902a2
7a56d9f4
6c415916
47015133
6a836836
499b7c66
503d390e
5f4e4388
6e268b8a
6389ae2a
796c715d
6ef516cb
6b9794a6
50677497
48867cca
6c26ca5d
59bf4ce4
71f35041
48695ea2
5c72b2df
66c077f6
53669545
5c90bde3
4f413774
555ced20
4fb228d2
4a2a6198
5d61cb6b
5c296707
538efa38
7633f4b3
49585286
55d5e072
5b596e75
6f41f2fc
51e093b1
69b3c39b
61a37b6e
4ce404ce
5b57b4b2
45db7c65
6108565d
4646cf10
51102411
4418e958
5a07abe0
53d29351
69368354
6f973513
79975434
7da5c943
47fb981a
44aca9bc
5e0b4047
5294be98
5e9f2f59
4f08c441
5911a102
4be086b7
7d18c13a
580b8b57
66022c25
4d87997c
4b76b92c
46ec2415
57bc3fac
7b30a1fa
42638cbd
6bbb6677
5e2bbde7
7220e31c
5b0bf13a
5f67ab1e
6269730b
7a621074
56c3c373
5b0f474c
5ce81358
4acb2dd1
68042507
5c9d552c
695b71a0
429017cb
486928bf
597b6759
54139072
4c6fc715
40f2481e
690ea6fb
4219fa16
6f799676
58f232b5
588df704
52b33c47
7c452302
7f02bfd6
71a8f476
7da4bc72
7ecdf018
49c42415
46399029
4ab300c9
5386ad62
45ca0537
65cb5a94
50d88b3d
71a690e3
489f639c
45dbb92d
5364a6df
5c4ac3ba
451165e2
46f2ab40
55ae15a5
646cecaa
6e77071c
64d60e34
4c57fb7d
4e7e24ce
6c672212
73310e6a
79578d3f
4c060391
5961681e
5ae58cd8
60678a74
7317fe8e
71ebfa4d
5b8c2cb7
50d0a34a
4ba8b25c
4eb1e309
4d07f5f3
636887fb
6d91d856
662f82d9
65b0ba50
451c0c43
4bce1fdc
71e3dc76
56c55299
518a4f70
53bffff8
4dcb5239
64411250
5a54677b
72600686
4b9d0bb2
78eb38ba
496a77e6
7d6b244e
4dc4db59
5fbae7a1
6b160c6f
4d428318
5bb65755
7d96c280
42a51d6f
4343f640
5d3109f8
4a1e3757
56c11871
760a693f
4652aa0c
78868b9f
7bd879e6
4ae071ce
4fa9eb56
7845caa5
60252646
62025353
45b3e368
4acd83ea
4679e91e
5b2cb8cb
6b187504
46459a25
793df92b
408c6aca
482fcd13
546a6753
4f033f3f
4422a6a0
40d22dcf
4905b029
73dffee1
7ee71ae6
5667f0ca
543dd7e2
453b20f6
4d2426ef
41644239
537a020c
4ba991bf
720a8ac9
7a388962
6198d28a
450a6d4c
52294c48
534a0198
53707645
455feefc
61c799b1
46efe72e
72f64fc5
79376074
66edc362
4abcc4a6
7fc37da3
4ae1ec98
4326a3c5
6ff2b1e3
4ffb5dcb
511328ad
71a69727
59af74d7
74387856
4038d54d
685b43f7
4b3217a5
466bc1be
4b360289
60f9fdcc
4bdf3cce
74952790
4cc07d8e
44a2ae1b
565f6229
5c5dbd35
4b44ab4e
43ff468b
5fbc7eed
477d886b
5636477e
6b5c7d06
54d86912
5622372b
4ddecfec
7c4b51d4
4fe6b805
564f8ddf
61fced06
6c2de4ca
63ef568b
68c48f7d
7293449c
59335d94
429aaa6f
67f7ba3b
501c64a5
612da2a6
78a492e0
47e8d482
7f9ae870
5ac5b0e3
5ffa5bdf
6b860afc
62ad5c58
40485f56
5affbf75
7ab6628e
71758a83
7c105485
6aa056be
519c9a19
4ac6937a
56643a39
44d4462b
4d7133b0
5e7a0a8a
44dab859
43fa6887
58dc44e8
53b078c1
52849838
452feb66
6825f968
650fdebd
65852947
41fe6520
7fb08d8e
413e8707
4662123f
77f7da1f
408dedb8
70a28d54
507c5593
52a4de14
64a8e21c
5678168a
71d727bb
507d6445
66917227
5f856d72
41609ab2
5ef70905
45da9c61
462785bb
4914244b
50284455
58aae1ca
6ecc728f
6d89eca0
68863678
58dd28fe
6350e750
53c13584
4eb1579d
47fac21d
4e1b88df
633d4cca
4a472f8b
5792cfc9
7bec82b4
55901eae
57f00abf
429f45b7
4d0c7378
6aa06c0c
618a803e
7340a86e
5ff5e1cd
44d105b8
5e487c2f
7e372fcb
6dda25c7
7fb5b673
40a25253
516fb7f2
4e7cd5e2
547fdd72
74393c77
55e46620
5cc82496
70ab5dc1
568a88ac
6b4d8c32
411e0aa7
6097f7f0
6cc6f5dd
6520051d
5bed68cf
71e7205c
5e245527
5f05e48b
7fd2df42
4f142970
7cb57d0c
4c4fcc6b
5ef75bbb
6dc13720
51c463a6
6758cc6d
44aee9e7
4583f29e
692b595c
6d21091f
70fa941e
712dedc6
4085a223
7b364650
55ffbb7c
5aab6214
652aae00
50748c54
4efeda7b
5ed9f1c1
5883441a
6bea007f
62e9e82d
4c92c4ca
56a89bd5
4b6957ce
5858cbc9
47a238fe
660ff677
763a6691
48dbd892
59ebd7f1
6e1860b8
5528e404
4a214afd
454134d5
6e1132df
66bc0d8e
7f38f19d
7ca39605
45b25d07
5cd3be17
7c400887
65877fb0
6cf510b1
4f199924
77341352
4ab54c3c
4e51abec
41f22db7
6487a9c1
42679ab8
6066d059
6ada3973
741c9c42
5172cf5a
43f0d3a9
7c45b8c5
4377403e
4c54b6f7
434f5bbf
5424ff2a
443dae49
4a619539
576ac793
426e8ad8
4a628e9d
4b12b9a2
70d50c4d
7a20b193
5e5ae80e
5ce559ed
567c5fbb
7bfd483d
60baf192
601f3c62
7280bf0d
497ed139
5f4ff847
51c6208a
6cf46c85
5e173e0a
693cb367
7a62b903
5c71d64e
49cc1d43
511ddeb9
76882778
7338df2f
6ede33fd
60ba109e
7f7c629c
4959cb1e
66fb34ba
4a4e6bcd
6a3816c9
7c14f10d
5b129d5e
6d9273bc
606d4afc
480e1e9a
64df836d
4692348a
4a108cf9
5638effe
6d51d7bb
54ddd000
678bed10
54bedd24
7da2f264
6a3386c8
56c6b865
74ceb1ea
522cd97f
54e27eb5
4fdabdb4
71e0fb92
55445452
422c3383
5cec962f
6575e018
51eaeb1f
5cabb681
42e482a4
6c4964c1
50e2e52c
70cd8edf
68afb928
6650c359
7b20cbcf
798d5702
40729bcf
567fa260
70417313
6209967a
42d2384c
4e1a2635
4f4beafe
43d2f110
559cee5c
7f2370d8
479f3b47
58f1cd32
53524dcd
4f3175a6
6491068a
4351f625
6f496f28
6516fcec
7b195eac
61840e61
4490129d
7576bfba
7f92e44a
4324db99
6441ab35
6dd49b22
42c820c8
41421a31
4a2cb620
68338834
4c25ae56
5219898a
4a543b60
4b304f79
74560f6d
71e57503
664645b2
520f784a
49ae58be
51ded94e
4dafe971
53a41ee1
68054ae8
62d6e68c
67cd0523
7abc89da
5c4ea9ea
4c35a476
53367da1
4787a542
407b3608
4c9c86c6
5df25562
7aa88931
6ec41f75
5d486012
49b258a0
5370d3a2
7c28d8a6
6aabf543
7ed4814a
572bbab8
4b94a8ee
46d0ae74
45635e1f
46bb3080
65838391
67c6281f
6e9c9e97
64d6b300
59fb10d5
406f6a15
5cd76e64
467ade70
4a76f4c8
439ab8c4
45d3b1e5
6a1bdb76
42ce1c88
60126e96
43a7cc1e
44af31f7
41ab9646
6b72c8d1
622ba985
5b4635b0
52dc9b3f
6c682b20
5a880430
56cd27c0
6d5cc94e
6b64387c
5442d94d
78ad7075
41f615c9
40c42070
45000d68
4595fa8b
49752cb1
49ab374f
63f5fbca
4d2710ea
75664e28
619bf037
59b23849
72a18ce1
47306cf1
464c5e18
45e67029
77b8d2e8
4c2810a7
6b885ee5
6fbd8e2d
7d2fef3a
6d888453
402fd12e
7dc5db1c
5324b68f
672bc40d
61c3db9a
4af41ed0
473db62f
4fdf8257
431375f7
4fa427fb
6ea7e925
567fbc11
42a9b907
73ba9e8a
5c31857e
79176f31
53ef6e6c
615f1d94
5f614488
5d3d3e3f
49a94c0c
4aea6b3e
647f2023
7a593ba5
5b3f43fe
45e38810
75ede71d
5ee06ee6
64844eac
6e00c791
66aa3450
5f2e3752
5ec9afcf
5118aa8c
501e3fee
4a19ce30
726c7c99
44e96a84
5c34e4f6
4d5e2949
4f286550
4e2a16b2
6efbda1e
46b23bbc
4869cbfa
58c6e9bb
72d9613c
54f67557
6639f85a
53b03836
481498ed
70b05a29
44dc5639
7de7faaf
503d3d71
53645e30
661d346d
73567505
70da8b0a
575e680f
681ee9a3
7162deba
5e890746
5b3cdac8
576368da
424ae6c6
611fabd6
778243c3
49d63477
5e021780
5dc35174
4136e591
71d55e4e
61c1b38f
6aed54c5
584dd5d3
75fbc39c
792b33b2
410b8dde
569fc162
7514899d
41c78074
497d2cc5
7b6806cb
6c0f6177
55d29d2d
417e29f4
72f89a47
4bcda87d
5d20ecfe
5cf2f862
6038e0c1
70c83d40
48d2b3de
504e93b9
4022d825
699aaebb
630bd781
71bb5970
46f566dc
405b46f6
45376f18
767ffd19
5fe9fd1a
62add86a
7cf2a80a
66d704ec
48c8b38a
40170a51
6e61f21e
4479600e
43cef904
7b9aae7f
4b50ae65
4a094ac3
41fc2fed
5384a9af
4835fcd5
71eace28
52742d8b
4778f72a
685e9a09
7fb3c129
500c8795
41f9d15e
4501af5b
68017502
55f9cfb6
59786f45
5556bdae
65fbb363
4df538da
5ea7ebb9
542bfb82
4cf9b030
572edea9
5158bb72
450164ca
4e63eafd
45ad4c42
622c8575
4a16e2a4
6239e5e2
4c3e6fdf
58b3c5a3
454bed13
4f5ef7e7
7284cb77
5062b094
4daa778c
5c7fee54
5cc3bace
6b0a5b1d
4616840a
462fddd8
68b47c8a
626cc238
563cecbd
6014abef
40c10b39
55b3b638
5a369b21
44f9f395
64b6abce
7adbec40
4b3c5a65
5dee5a84
5ea9f510
47cfa691
4f719133
5a5277d5
584fbad2
4fc0ab0d
63d2de70
7501d28d
454e57da
672bb281
68ae90c5
7b2db20b
6315c82b
51e159b3
4f4eb6e5
583926f8
580fc8a1
43089f56
531b356e
5caa293c
4a94a7c2
60018e1b
4c222a86
51b49781
710b191c
417bfe26
568c78f3
77887013
4a675934
7faf5da6
535a6a64
4df1a832
788d2134
693d9fa2
701a426a
5489e5eb
418f1334
5a82e873
6b94c5ed
639bfb54
5b0a1642
45902a57
53fb4e1c
64d090b7
5ace8b56
41eb7149
629cfed4
5ca57303
755c74ad
66bc2d83
769d72ea
769d72ea
769d72ea
769d72ea
769d72ea
769d72ea
769d72ea
769d72ea
769d72ea
769d72ea
769d72ea
769d72ea
769d72ea
769d72ea
769d72ea
769d72ea
769d72ea
769d72ea
769d72ea
769d72ea
769d72ea
769d72ea
769d72ea
769d72ea
769d72ea
769d72ea
769d72ea
769d72ea
769d72ea
769d72ea
769d72ea
769d72ea
769d72ea
769d72ea
769d72ea
769d72ea
769d72ea
769d72ea
769d72ea
769d72ea
769d72ea
769d72ea
769d72ea
769d72ea
769d72ea
769d72ea
769d72ea
769d72ea
769d72ea
769d72ea
769d72ea
769d72ea
769d72ea
769d72ea
769d72ea
769d72ea
769d72ea
769d72ea
769d72ea
769d72ea
769d72ea
769d72ea
769d72ea
769d72ea
769d72ea
769d72ea
769d72ea
769d72ea
769d72ea
769d72ea
769d72ea
769d72ea
769d72ea
769d72ea
769d72ea
769d72ea
769d72ea
769d72ea
769d72ea
769d72ea
769d72ea
769d72ea
769d72ea
769d72ea
769d72ea
769d72ea
769d72ea
769d72ea
769d72ea
769d72ea
769d72ea
769d72ea
769d72ea
769d72ea
769d72ea
769d72ea
769d72ea
769d72ea
769d72ea
769d72ea
769d72ea
769d72ea
769d72ea
769d72ea
769d72ea
769d72ea
769d72ea
769d72ea
769d72ea
769d72ea
769d72ea
769d72ea
769d72ea
769d72ea
769d72ea
769d72ea
769d72ea
769d72ea
769d72ea
769d72ea
769d72ea
769d72ea
769d72ea
769d72ea
769d72ea
769d72ea
769d72ea
769d72ea
769d72ea
769d72ea
769d72ea
769d72ea
769d72ea
769d72ea
769d72ea
769d72ea
769d72ea
769d72ea
769d72ea
769d72ea
769d72ea
769d72ea
769d72ea
769d72ea
769d72ea
769d72ea
769d72ea
769d72ea
769d72ea
769d72ea
769d72ea
769d72ea
769d72ea
769d72ea
769d72ea
769d72ea
769d72ea
769d72ea
769d72ea
769d72ea
769d72ea
769d72ea
769d72ea
769d72ea
769d72ea
769d72ea
769d72ea
769d72ea
769d72ea
769d72ea
769d72ea
769d72ea
769d72ea
769d72ea
769d72ea
769d72ea
769d72ea
769d72ea
769d72ea
769d72ea
769d72ea
769d72ea
769d72ea
769d72ea
769d72ea
769d72ea
769d72ea
769d72ea
769d72ea
769d72ea
769d72ea
769d72ea
769d72ea
769d72ea
769d72ea
769d72ea
769d72ea
769d72ea
769d72ea
769d72ea
769d72ea
769d72ea
769d72ea
769d72ea
769d72ea
769d72ea
769d72ea
769d72ea
769d72ea
769d72ea
769d72ea
769d72ea
769d72ea
769d72ea
769d72ea
769d72ea
769d72ea
769d72ea
769d72ea
769d72ea
769d72ea
769d72ea
769d72ea
769d72ea
769d72ea
769d72ea
769d72ea
769d72ea
769d72ea
769d72ea
769d72ea
769d72ea
769d72ea
769d72ea
769d72ea
769d72ea
769d72ea
769d72ea
769d72ea
769d72ea
769d72ea
769d72ea
769d72ea
769d72ea
769d72ea
769d72ea
769d72ea
769d72ea
769d72ea
769d72ea
769d72ea
769d72ea
769d72ea
769d72ea
769d72ea
769d72ea
769d72ea
769d72ea
769d72ea
769d72ea
769d72ea
769d72ea
769d72ea
769d72ea
769d72ea
769d72ea
769d72ea
769d72ea
769d72ea
769d72ea
769d72ea
769d72ea
769d72ea
769d72ea
769d72ea
769d72ea
769d72ea
769d72ea
769d72ea
769d72ea
769d72ea
769d72ea
769d72ea
769d72ea
769d72ea
769d72ea
769d72ea
769d72ea
769d72ea
769d72ea
769d72ea
769d72ea
769d72ea
769d72ea
769d72ea
769d72ea
769d72ea
769d72ea
769d72ea
769d72ea
769d72ea
769d72ea
769d72ea
769d72ea
769d72ea
769d72ea
769d72ea
769d72ea
769d72ea
769d72ea
769d72ea
769d72ea
769d72ea
769d72ea
769d72ea
769d72ea
769d72ea
769d72ea
769d72ea
769d72ea
769d72ea
769d72ea
769d72ea
769d72ea
769d72ea
769d72ea
769d72ea
769d72ea
769d72ea
769d72ea
769d72ea
769d72ea
769d72ea
769d72ea
769d72ea
769d72ea
769d72ea
769d72ea
769d72ea
769d72ea
769d72ea
769d72ea
769d72ea
769d72ea
769d72ea
769d72ea
769d72ea
769d72ea
769d72ea
769d72ea
769d72ea
769d72ea
769d72ea
769d72ea
769d72ea
769d72ea
769d72ea
769d72ea
769d72ea
769d72ea
769d72ea
769d72ea
769d72ea
769d72ea
769d72ea
769d72ea
769d72ea
769d72ea
769d72ea
769d72ea
769d72ea
769d72ea
769d72ea
769d72ea
769d72ea
769d72ea
769d72ea
769d72ea
769d72ea
769d72ea
769d72ea
769d72ea
769d72ea
769d72ea
769d72ea
769d72ea
769d72ea
769d72ea
769d72ea
769d72ea
769d72ea
769d72ea
769d72ea
769d72ea
769d72ea
769d72ea
769d72ea
769d72ea
769d72ea
769d72ea
769d72ea
769d72ea
769d72ea
769d72ea
769d72ea
769d72ea
769d72ea
769d72ea
769d72ea
769d72ea
769d72ea
769d72ea
769d72ea
769d72ea
769d72ea
769d72ea
769d72ea
769d72ea
769d72ea
769d72ea
769d72ea
769d72ea
769d72ea
769d72ea
769d72ea
769d72ea
769d72ea
769d72ea
769d72ea
769d72ea
769d72ea
769d72ea
769d72ea
769d72ea
769d72ea
769d72ea
769d72ea
769d72ea
769d72ea
769d72ea
769d72ea
769d72ea
769d72ea
769d72ea
769d72ea
769d72ea
769d72ea
769d72ea
769d72ea
769d72ea
769d72ea
769d72ea
769d72ea
769d72ea
769d72ea
769d72ea
769d72ea
769d72ea
769d72ea
769d72ea
769d72ea
769d72ea
769d72ea
769d72ea
769d72ea
769d72ea
769d72ea
769d72ea
769d72ea
769d72ea
769d72ea
769d72ea
769d72ea
769d72ea
769d72ea
769d72ea
769d72ea
769d72ea
769d72ea
769d72ea
769d72ea
769d72ea
769d72ea
769d72ea
769d72ea
769d72ea
769d72ea
769d72ea
769d72ea
769d72ea
769d72ea
769d72ea
769d72ea
769d72ea
769d72ea
769d72ea
769d72ea
769d72ea
769d72ea
769d72ea
769d72ea
769d72ea
769d72ea
769d72ea
769d72ea
769d72ea
769d72ea
769d72ea
769d72ea
769d72ea
769d72ea
769d72ea
769d72ea
769d72ea
769d72ea
769d72ea
769d72ea
769d72ea
769d72ea
769d72ea
769d72ea
769d72ea
769d72ea
769d72ea
769d72ea
769d72ea
769d72ea
769d72ea
769d72ea
769d72ea
769d72ea
769d72ea
769d72ea
769d72ea
769d72ea
769d72ea
769d72ea
769d72ea
769d72ea
769d72ea
769d72ea
769d72ea
769d72ea
769d72ea
769d72ea
769d72ea
769d72ea
769d72ea
769d72ea
769d72ea
769d72ea
769d72ea
769d72ea
769d72ea
769d72ea
769d72ea
769d72ea
769d72ea
769d72ea
769d72ea
769d72ea
769d72ea
769d72ea
769d72ea
769d72ea
769d72ea
769d72ea
769d72ea
769d72ea
769d72ea
769d72ea
769d72ea
769d72ea
769d72ea
769d72ea
769d72ea
769d72ea
769d72ea
769d72ea
769d72ea
769d72ea
769d72ea
769d72ea
769d72ea
769d72ea
769d72ea
769d72ea
769d72ea
769d72ea
769d72ea
769d72ea
769d72ea
769d72ea
769d72ea
769d72ea
769d72ea
769d72ea
769d72ea
769d72ea
769d72ea
769d72ea
769d72ea
769d72ea
769d72ea
769d72ea
769d72ea
769d72ea
769d72ea
769d72ea
769d72ea
769d72ea
769d72ea
769d72ea
769d72ea
769d72ea
769d72ea
769d72ea
769d72ea
769d72ea
769d72ea
769d72ea
769d72ea
769d72ea
769d72ea
769d72ea
769d72ea
769d72ea
769d72ea
769d72ea
769d72ea
769d72ea
769d72ea
769d72ea
769d72ea
769d72ea
769d72ea
769d72ea
769d72ea
769d72ea
769d72ea
769d72ea
769d72ea
769d72ea
769d72ea
769d72ea
769d72ea
769d72ea
769d72ea
769d72ea
769d72ea
769d72ea
769d72ea
769d72ea
769d72ea
769d72ea
769d72ea
769d72ea
769d72ea
769d72ea
769d72ea
769d72ea
769d72ea
769d72ea
769d72ea
769d72ea
769d72ea
769d72ea
769d72ea
769d72ea
769d72ea
769d72ea
769d72ea
769d72ea
769d72ea
769d72ea
769d72ea
769d72ea
769d72ea
769d72ea
769d72ea
769d72ea
769d72ea
769d72ea
769d72ea
769d72ea
769d72ea
769d72ea
769d72ea
769d72ea
769d72ea
769d72ea
769d72ea
769d72ea
769d72ea
769d72ea
769d72ea
769d72ea
769d72ea
769d72ea
769d72ea
769d72ea
769d72ea
769d72ea
769d72ea
769d72ea
769d72ea
769d72ea
769d72ea
769d72ea
769d72ea
769d72ea
769d72ea
769d72ea
769d72ea
769d72ea
769d72ea
769d72ea
769d72ea
769d72ea
769d72ea
769d72ea
769d72ea
769d72ea
769d72ea
769d72ea
769d72ea
769d72ea
769d72ea
769d72ea
769d72ea
769d72ea
769d72ea
769d72ea
769d72ea
769d72ea
769d72ea
769d72ea
769d72ea
769d72ea
769d72ea
769d72ea
769d72ea
769d72ea
769d72ea
769d72ea
769d72ea
769d72ea
769d72ea
769d72ea
769d72ea
769d72ea
769d72ea
769d72ea
769d72ea
769d72ea
769d72ea
769d72ea
769d72ea
769d72ea
769d72ea
769d72ea
769d72ea
769d72ea
769d72ea
769d72ea
769d72ea
769d72ea
769d72ea
769d72ea
769d72ea
769d72ea
769d72ea
769d72ea
769d72ea
769d72ea
769d72ea
769d72ea
769d72ea
769d72ea
769d72ea
769d72ea
769d72ea
769d72ea
769d72ea
769d72ea
769d72ea
769d72ea
769d72ea
769d72ea
769d72ea
769d72ea
769d72ea
769d72ea
769d72ea
769d72ea
769d72ea
769d72ea
769d72ea
769d72ea
769d72ea
769d72ea
769d72ea
769d72ea
769d72ea
769d72ea
769d72ea
769d72ea
769d72ea
769d72ea
769d72ea
769d72ea
769d72ea
769d72ea
769d72ea
769d72ea
769d72ea
769d72ea
769d72ea
769d72ea
769d72ea
769d72ea
769d72ea
769d72ea
769d72ea
769d72ea
769d72ea
769d72ea
769d72ea
769d72ea
769d72ea
769d72ea
769d72ea
769d72ea
769d72ea
769d72ea
769d72ea
769d72ea
769d72ea
769d72ea
769d72ea
769d72ea
769d72ea
769d72ea
769d72ea
769d72ea
769d72ea
769d72ea
769d72ea
769d72ea
769d72ea
769d72ea
769d72ea
769d72ea
769d72ea
769d72ea
769d72ea
769d72ea
769d72ea
769d72ea
769d72ea
769d72ea
769d72ea
769d72ea
769d72ea
769d72ea
769d72ea
769d72ea
769d72ea
769d72ea
769d72ea
769d72ea
769d72ea
769d72ea
769d72ea
769d72ea
769d72ea
769d72ea
769d72ea
769d72ea
769d72ea
769d72ea
769d72ea
769d72ea
769d72ea
769d72ea
769d72ea
769d72ea
769d72ea
769d72ea
769d72ea
769d72ea
769d72ea
769d72ea
769d72ea
769d72ea
769d72ea
769d72ea
769d72ea
769d72ea
769d72ea
769d72ea
769d72ea
769d72ea
769d72ea
769d72ea
769d72ea
769d72ea
769d72ea
769d72ea
769d72ea
769d72ea
769d72ea
769d72ea
769d72ea
769d72ea
769d72ea
769d72ea
769d72ea
769d72ea
769d72ea
769d72ea
769d72ea
769d72ea
769d72ea
769d72ea
769d72ea
769d72ea
769d72ea
769d72ea
769d72ea
769d72ea
769d72ea
769d72ea
769d72ea
769d72ea
769d72ea
769d72ea
769d72ea
769d72ea
769d72ea
769d72ea
769d72ea
769d72ea
769d72ea
769d72ea
769d72ea
769d72ea
769d72ea
769d72ea
769d72ea
769d72ea
769d72ea
769d72ea
769d72ea
769d72ea
769d72ea
769d72ea
769d72ea
769d72ea
769d72ea
769d72ea
769d72ea
769d72ea
769d72ea
769d72ea
769d72ea
769d72ea
769d72ea
769d72ea
769d72ea
769d72ea
769d72ea
769d72ea
769d72ea
769d72ea
769d72ea
769d72ea
769d72ea
769d72ea
769d72ea
769d72ea
769d72ea
769d72ea
769d72ea
769d72ea
769d72ea
769d72ea
769d72ea
769d72ea
769d72ea
769d72ea
769d72ea
769d72ea
769d72ea
769d72ea
769d72ea
769d72ea
769d72ea
769d72ea
769d72ea
769d72ea
769d72ea
769d72ea
769d72ea
769d72ea
769d72ea
769d72ea
769d72ea
769d72ea
769d72ea
769d72ea
769d72ea
769d72ea
769d72ea
769d72ea
769d72ea
769d72ea
769d72ea
769d72ea
769d72ea
769d72ea
769d72ea
769d72ea
769d72ea
769d72ea
769d72ea
769d72ea
769d72ea
769d72ea
769d72ea
769d72ea
769d72ea
769d72ea
769d72ea
769d72ea
769d72ea
769d72ea
769d72ea
769d72ea
769d72ea
769d72ea
769d72ea
769d72ea
769d72ea
769d72ea
769d72ea
769d72ea
769d72ea
769d72ea
769d72ea
769d72ea
769d72ea
769d72ea
769d72ea
769d72ea
769d72ea
769d72ea
769d72ea
769d72ea
769d72ea
769d72ea
769d72ea
769d72ea
769d72ea
769d72ea
769d72ea
769d72ea
769d72ea
769d72ea
769d72ea
769d72ea
769d72ea
769d72ea
769d72ea
769d72ea
769d72ea
769d72ea
769d72ea
769d72ea
769d72ea
769d72ea
769d72ea
769d72ea
769d72ea
769d72ea
769d72ea
769d72ea
769d72ea
769d72ea
769d72ea
769d72ea
769d72ea
769d72ea
769d72ea
769d72ea
769d72ea
769d72ea
769d72ea
769d72ea
769d72ea
769d72ea
769d72ea
769d72ea
769d72ea
769d72ea
769d72ea
769d72ea
769d72ea
769d72ea
769d72ea
769d72ea
769d72ea
769d72ea
769d72ea
769d72ea
769d72ea
769d72ea
769d72ea
769d72ea
769d72ea
769d72ea
769d72ea
769d72ea
769d72ea
769d72ea
769d72ea
769d72ea
769d72ea
769d72ea
769d72ea
769d72ea
769d72ea
769d72ea
769d72ea
769d72ea
769d72ea
769d72ea
769d72ea
769d72ea
769d72ea
769d72ea
769d72ea
769d72ea
769d72ea
769d72ea
769d72ea
769d72ea
769d72ea
769d72ea
769d72ea
769d72ea
769d72ea
769d72ea
769d72ea
769d72ea
769d72ea
769d72ea
769d72ea
769d72ea
769d72ea
769d72ea
769d72ea
769d72ea
769d72ea
769d72ea
769d72ea
769d72ea
769d72ea
769d72ea
769d72ea
769d72ea
769d72ea
769d72ea
769d72ea
769d72ea
769d72ea
769d72ea
769d72ea
769d72ea
769d72ea
769d72ea
769d72ea
769d72ea
769d72ea
769d72ea
769d72ea
769d72ea
769d72ea
769d72ea
769d72ea
769d72ea
769d72ea
769d72ea
769d72ea
769d72ea
769d72ea
769d72ea
769d72ea
769d72ea
769d72ea
769d72ea
769d72ea
769d72ea
769d72ea
769d72ea
769d72ea
769d72ea
769d72ea
769d72ea
769d72ea
769d72ea
769d72ea
769d72ea
769d72ea
769d72ea
769d72ea
769d72ea
769d72ea
769d72ea
769d72ea
769d72ea
769d72ea
769d72ea
769d72ea
769d72ea
769d72ea
769d72ea
769d72ea
769d72ea
769d72ea
769d72ea
769d72ea
769d72ea
769d72ea
769d72ea
769d72ea
769d72ea
769d72ea
769d72ea
769d72ea
769d72ea
769d72ea
769d72ea
769d72ea
769d72ea
769d72ea
769d72ea
769d72ea
769d72ea
769d72ea
769d72ea
769d72ea
769d72ea
769d72ea
769d72ea
769d72ea
769d72ea
769d72ea
769d72ea
769d72ea
769d72ea
769d72ea
769d72ea
769d72ea
769d72ea
769d72ea
769d72ea
769d72ea
769d72ea
769d72ea
769d72ea
769d72ea
769d72ea
769d72ea
769d72ea
769d72ea
769d72ea
769d72ea
769d72ea
769d72ea
40196203
44a12aec
787a0bb2
45e0f080
00000000
00000000
00000000
00000000
00000000
00000000
00000000
00000000
00000000
00000000
00000000
00000000
00000000
00000000
00000000
00000000
00000000
00000000
00000000
00000000
00000000
00000000
00000000
00000000
00000000
00000000
00000000
00000000
